,sentence,subject_entity,object_entity,label
0,러시아는 이 포격에 대한 보복으로 우크라이나 정부군을 목표로 폭격을 고려할 것이라고 말했다.,"{'word':'러시아','start_idx':0,'end_idx':2,'type':'ORG'}","{'word':'우크라이나 정부군','start_idx':19,'end_idx':27,'type':'ORG'}",org:hostile
1,시 행정부에 따르면 이 구 지역은 심한 손상을 입었다고 말했다.,"{'word':'시 행정부','start_idx':0,'end_idx':4,'type':'ORG'}","{'word':'지역','start_idx':15,'end_idx':16,'type':'POH'}",no_relation
2,8월 31일에는 우크라이나 경비정이 아조프 해에서 해안포 사격으로 격침되었다.,"{'word':'우크라이나','start_idx':9,'end_idx':13,'type':'ORG'}","{'word':'경비정','start_idx':15,'end_idx':17,'type':'POH'}",org:property
3,"우크라이나 정부군은 샤크타르스크 구으로 진입하여 그곳을 점령하던 반군과 전투했으며, 14:30 즈음에 샤크타르스크를 점령했다.","{'word':'우크라이나 정부군','start_idx':0,'end_idx':8,'type':'ORG'}","{'word':'반군','start_idx':36,'end_idx':37,'type':'ORG'}",org:hostile
4,"한편, 반군은 정부군이 후퇴한 야스누바타 마을을 재점령했다.","{'word':'반군','start_idx':4,'end_idx':5,'type':'ORG'}","{'word':'정부군','start_idx':8,'end_idx':10,'type':'ORG'}",org:hostile
5,정부군이 마리우폴에서 새로운 공세를 시작한 6월 13일 아침부터 큰 전투가 일어난 것으로 추측된다.,"{'word':'큰 전투','start_idx':36,'end_idx':39,'type':'EVE'}","{'word':'6월 13일 아침','start_idx':24,'end_idx':32,'type':'DAT'}",eve:date
6,"1차 도네츠크 국제공항 전투 이후, 지역 정부는 일부 무장 세력 병사가 체첸의 그로즈니와 구데르메스에서 왔다고 밝혔다.","{'word':'그로즈니','start_idx':44,'end_idx':47,'type':'ORG'}","{'word':'체첸','start_idx':40,'end_idx':41,'type':'ORG'}",org:member_of
7,"그 중 한 비디오에서 군인이 장교가 약 70km를 진군 명령을 내린 후 ""경고 없이 우크라이나 영토 내로 들어가며, 만약 우크라이나군을 마주칠 경우에는 전투 없이 항복해라""라고 명령을 내렸다고 말했다.","{'word':'장교','start_idx':16,'end_idx':17,'type':'PER'}","{'word':'명령','start_idx':31,'end_idx':32,'type':'POH'}",no_relation
8,"우크라이나 정부는 정부군이 노보아조우스크 전체를 장악하고 있다고 말했지만, 그 도시의 시장 올레흐 시도르킨은 반정부군을 체포했다고 말했다.","{'word':'올레흐 시도르킨','start_idx':51,'end_idx':58,'type':'PER'}","{'word':'시장','start_idx':48,'end_idx':49,'type':'POH'}",per:title
9,"러시아 국방부 측은 ""훈련 도중 실수로 우크라이나로 들어왔다""라고 말했다.","{'word':'국방부','start_idx':4,'end_idx':6,'type':'ORG'}","{'word':'러시아','start_idx':0,'end_idx':2,'type':'ORG'}",org:member_of
10,"러시아는 보고서에서 이들을 ""가짜 정보들의 조각들""이라고 말했다.","{'word':'러시아','start_idx':0,'end_idx':2,'type':'ORG'}","{'word':'보고서','start_idx':5,'end_idx':7,'type':'POH'}",no_relation
11,"5월 20일, 모자로프는 블라디미르 푸틴에게 신성한 전쟁을 위해 신속한 증원을 할 수 있도록 러시아 측 국경을 열어달라는 비디오를 저냈다.","{'word':'모자로프','start_idx':8,'end_idx':11,'type':'PER'}","{'word':'블라디미르 푸틴','start_idx':14,'end_idx':21,'type':'PER'}",no_relation
12,"그날 저녁, 알렉산드르 보로다이는 친러시아군이 크라마토르스크를 포함한 ""북부 지역 전체의 영토""를 포기하여 도네츠크로 후퇴했다고 말했다.","{'word':'친러시아군','start_idx':19,'end_idx':23,'type':'ORG'}","{'word':'알렉산드르 보로다이','start_idx':7,'end_idx':16,'type':'PER'}",no_relation
13,우크라이나 보안원에서는 러시아 군인 포로와 인터뷰를 한 영상을 공개했다.,"{'word':'우크라이나 보안원','start_idx':0,'end_idx':8,'type':'ORG'}","{'word':'러시아','start_idx':13,'end_idx':15,'type':'ORG'}",org:hostile
14,"정부군은 도시 내의 친러시아군에 대한 포격 및 폭격을 시작하고, 주위 모든 지역에서 전투가 시작했다.","{'word':'정부군','start_idx':0,'end_idx':2,'type':'ORG'}","{'word':'친러시아군','start_idx':11,'end_idx':15,'type':'ORG'}",org:hostile
15,"그는 2014년 크림 위기 기간 동안 군대를 만들었고, 이 군대의 3분의 2는 우크라이나 시민이었다.","{'word':'크림 위기','start_idx':9,'end_idx':13,'type':'EVE'}","{'word':'2014년','start_idx':3,'end_idx':7,'type':'DAT'}",eve:date
16,전기와 물이 끊긴 호를리우카는 사실상 버려졌다.,"{'word':'호를리우카','start_idx':10,'end_idx':14,'type':'ORG'}","{'word':'전기','start_idx':0,'end_idx':1,'type':'POH'}",no_relation
17,루한스크 인민 공화국 관계자는 올레흐산드리브카 전투에서 친러시아군 30명이 사망했다고 인정했다.,"{'word':'루한스크 인민 공화국','start_idx':0,'end_idx':10,'type':'ORG'}","{'word':'관계자','start_idx':12,'end_idx':14,'type':'PER'}",org:top_members/employees
18,"우크라이나 국가안보 및 국방위원회 대변인은 우크라이나 정부군이 ""평화로운 사람""들을 해치지 않도록 마을을 떠났으며, ""완전한 해방""을 이루기 위해 도시에 철수하고 있다고 말했다.","{'word':'우크라이나 국가안보 및 국방위원회','start_idx':0,'end_idx':17,'type':'ORG'}","{'word':'대변인','start_idx':19,'end_idx':21,'type':'PER'}",org:top_members/employees
19,우크라이나 정부는 전날 친러시아군의 로켓 공격에 대한 보복으로 공습을 시작했으며 그 결과 친러시아군 500명이 사망했다고 말했다.,"{'word':'우크라이나 정부','start_idx':0,'end_idx':7,'type':'ORG'}","{'word':'친러시아군','start_idx':13,'end_idx':17,'type':'ORG'}",org:hostile
20,"루한스크 주의 스챠스티야에서 친러시아군이 패배한 이후, 7월 9일에 아이다르 대대가 이곳을 점령했다.","{'word':'친러시아군','start_idx':16,'end_idx':20,'type':'ORG'}","{'word':'아이다르 대대','start_idx':38,'end_idx':44,'type':'ORG'}",no_relation
21,"2014년 7월 1일, 도네츠크 도시 내에서 친정부군 군사 단체 간의 총격전으로 인해 1명이 심각한 부상을 입고 2명이 입원했다.","{'word':'총격전','start_idx':39,'end_idx':41,'type':'EVE'}","{'word':'2014년 7월 1일','start_idx':0,'end_idx':10,'type':'DAT'}",eve:date
22,"같은 날, 루한스크의 친정부군은 루한스크 국제공항을 점령했다고 말했다.","{'word':'친정부군','start_idx':12,'end_idx':15,'type':'ORG'}","{'word':'루한스크','start_idx':6,'end_idx':9,'type':'ORG'}",org:member_of
23,러시아는 이 보고서에 대해 개입하고 있지 않다며 부인했다.,"{'word':'러시아','start_idx':0,'end_idx':2,'type':'ORG'}","{'word':'보고서','start_idx':7,'end_idx':9,'type':'POH'}",no_relation
24,우크라이나 정부군은 친러시아군 300명이 사망했다고 말했지만 확인되지 않았으며 몇몇 친러시아군 지휘관이 큰 피해를 입었다고 인정하기는 했지만 친러시아군은 오직 2명이 사망하고 7명이 부상을 입었다고 말하고 있다.,"{'word':'친러시아군','start_idx':79,'end_idx':83,'type':'ORG'}","{'word':'친러시아군 지휘관','start_idx':47,'end_idx':55,'type':'PER'}",org:top_members/employees
25,"돈바스 지역에서 우크라이나 정부의 대 도네츠크 인민 공화국/루한스크 인민 공화국 작전을 ""대테러 작전""(ATO)라고 부른다.","{'word':'대테러 작전','start_idx':50,'end_idx':55,'type':'ORG'}","{'word':'ATO','start_idx':58,'end_idx':60,'type':'ORG'}",org:alternate_names
26,"친러시아군은 우크라이나 공군이 했다고 주장했지만, 우크라이나 정부는 이 공격을 하지 않았다고 주장했다.","{'word':'친러시아군','start_idx':0,'end_idx':4,'type':'ORG'}","{'word':'공군','start_idx':13,'end_idx':14,'type':'ORG'}",no_relation
27,"다음 날, 각각 20명의 군인을 싣은 8개 트럭이 도네츠크의 보스토크 대대로 도착했다.","{'word':'보스토크 대대','start_idx':34,'end_idx':40,'type':'ORG'}","{'word':'도네츠크','start_idx':28,'end_idx':31,'type':'ORG'}",org:member_of
28,"보스토크 대대 소속의 올레흐라는 이름의 병사는 인터뷰에서 ""2008년에 러시아는 우리를 구해주었다.","{'word':'보스토크 대대','start_idx':0,'end_idx':6,'type':'ORG'}","{'word':'올레흐','start_idx':12,'end_idx':14,'type':'PER'}",org:top_members/employees
29,"이 군사는 우크라이나 내무군을 대체하기 위해 만들어졌으며, 이후 이 군사를 기반으로 활동하고 있다.","{'word':'내무군','start_idx':12,'end_idx':14,'type':'ORG'}","{'word':'군사','start_idx':38,'end_idx':39,'type':'ORG'}",no_relation
30,"OSCE 감시단은 전날에 도네츠크의 전투를 지켜본 이후 이 도시가 ""실질적으로 버러졌으며"", 전투가 중단되었다고 말했다.","{'word':'OSCE 감시단','start_idx':0,'end_idx':7,'type':'ORG'}","{'word':'전투','start_idx':20,'end_idx':21,'type':'POH'}",no_relation
31,"이 불안 상황에서 도네츠크 주와 루한스크 주에서는 러시아가 도네츠크 인민 공화국과 루한스크 인민 공화국에게 무기, 장갑차, 전차, 기타 중무기 등을 지원해 준 정황이 드러났다.","{'word':'러시아','start_idx':28,'end_idx':30,'type':'ORG'}","{'word':'루한스크 인민 공화국','start_idx':46,'end_idx':56,'type':'ORG'}",org:friendly
32,반군은 이 공격을 하지 않았다고 부인했다.,"{'word':'반군','start_idx':0,'end_idx':1,'type':'ORG'}","{'word':'공격','start_idx':6,'end_idx':7,'type':'POH'}",no_relation
33,8월 14일에도 도네츠크에 대포격은 계속되었다.,"{'word':'도네츠크','start_idx':9,'end_idx':12,'type':'ORG'}","{'word':'8월 14일','start_idx':0,'end_idx':5,'type':'DAT'}",no_relation
34,"이 공격에 대응하여, 우크라이나 대통령 포로셴코는 ""우리 군인의 모든 삶을 위해 친러시아군에 대한 수십, 수백배의 복수를 할 것이다""라고 말했다.","{'word':'포로셴코','start_idx':22,'end_idx':25,'type':'PER'}","{'word':'대통령','start_idx':18,'end_idx':20,'type':'POH'}",per:title
35,"전차 침입 사건이 일어난 다음 날, 스텝파니브카에서 매복한 친러시아군에게 정부군 3명이 사망했다.","{'word':'친러시아군','start_idx':33,'end_idx':37,'type':'ORG'}","{'word':'정부군','start_idx':41,'end_idx':43,'type':'ORG'}",org:hostile
36,우크라이나 정부와 친러시아군은 서로가 공격했다고 비난했다.,"{'word':'우크라이나 정부','start_idx':0,'end_idx':7,'type':'ORG'}","{'word':'친러시아군','start_idx':10,'end_idx':14,'type':'ORG'}",org:hostile
37,도네츠크 인민공화국군은 4km 앞까지 진군했으나 그날 밤 우크라이나군과 아조프 대대의 반격으로 다시 후퇴하였다.,"{'word':'인민공화국군','start_idx':5,'end_idx':10,'type':'ORG'}","{'word':'우크라이나군','start_idx':32,'end_idx':37,'type':'ORG'}",org:hostile
38,"4월 19일, EU의 호세프 보렐 외교·안보 정책 고위대표는 러시아가 우크라이나 국경과 크림 반도에 15만명 이상의 병력을 집중 배치했다고 주장했다.","{'word':'호세프 보렐','start_idx':12,'end_idx':17,'type':'PER'}","{'word':'고위대표','start_idx':28,'end_idx':31,'type':'POH'}",per:title
39,"다음 날 아침, 국경방위대 호송대가 마리우폴을 통과하면서 친러시아군의 공격을 받아 적어도 5명이 사망했다.","{'word':'국경방위대 호송대','start_idx':9,'end_idx':17,'type':'ORG'}","{'word':'친러시아군','start_idx':32,'end_idx':36,'type':'ORG'}",org:hostile
40,"또한, 스트렐코프는 슬로비얀스크의 반정부군을 반정부군 사이 충돌에도 불구하고 도네츠크 인민 공화국 산하에서 같이 싸우기로 했다.","{'word':'도네츠크 인민 공화국','start_idx':43,'end_idx':53,'type':'ORG'}","{'word':'스트렐코프','start_idx':4,'end_idx':8,'type':'PER'}",org:top_members/employees
41,"8월 10일 밤 내내 정부군은 도네츠크 시 내로 포격을 시작했으며, ""대규모 피해""를 야기했다고 발표했다.","{'word':'정부군','start_idx':12,'end_idx':14,'type':'ORG'}","{'word':'도네츠크 시','start_idx':17,'end_idx':22,'type':'ORG'}",org:hostile
42,우크라이나 내무부는 우크라이나의 경찰에 해당하는 밀리치야를 담당하고 있다.,"{'word':'밀리치야','start_idx':27,'end_idx':30,'type':'ORG'}","{'word':'경찰','start_idx':18,'end_idx':19,'type':'ORG'}",org:alternate_names
43,"또한, 므노호필리아, 스테파니브카, 흐리호리브카, 크라스니야르, 포베다, 셰시코베, 코미스네, 노보하니브카, 크라스나탈리브카, 드미트리브카, 사비브카, 루한스크 국제공항에서 정부군과 반군 사이 접전이 펼쳐졌다.","{'word':'정부군','start_idx':97,'end_idx':99,'type':'ORG'}","{'word':'반군','start_idx':102,'end_idx':103,'type':'ORG'}",org:hostile
44,스텝파니카에 숨어 있던 친러시아군은 당일 오전 5시에 정부군의 포위를 피해 탈출을 시도했다.,"{'word':'정부군','start_idx':30,'end_idx':32,'type':'ORG'}","{'word':'친러시아군','start_idx':13,'end_idx':17,'type':'ORG'}",org:hostile
45,"이후, 카디로프는 체첸 지역에서 적극적인 자원병 모집 캠패인을 지원하고 있으며, 그로즈니, 아치호이마르탄, 즈나멘스코예, 구데르메스 등에서 채용 센터가 존재한다고 밝혔다.","{'word':'카디로프','start_idx':4,'end_idx':7,'type':'PER'}","{'word':'자원병','start_idx':23,'end_idx':25,'type':'PER'}",no_relation
46,"람잔 카디로프는 우크라이나 내에서 체첸 군인이 존재한다는 것에 관해서는 모른다며 부인했지만, 친러시아 지휘관이 체첸 및 기타 민족 세력이 도네츠크 인민 공화국을 위해 싸우고 있다고 말했다.","{'word':'체첸 및 기타 민족 세력','start_idx':62,'end_idx':74,'type':'ORG'}","{'word':'도네츠크 인민 공화국','start_idx':77,'end_idx':87,'type':'ORG'}",org:friendly
47,"이 마을은 콜로스키로부터 7km, 러시아 국경으로부터 20km 떨어진 노보아조우스크 북쪽에 위치해 있다.","{'word':'노보아조우스크','start_idx':39,'end_idx':45,'type':'ORG'}","{'word':'마을','start_idx':2,'end_idx':3,'type':'POH'}",no_relation
48,"또한, 친러시아 측에서는 전차 1대와 BMD-1 수대를 파괴하고 수호이 Su-25 폭격기를 격추했다고 주장하고 있다.","{'word':'친러시아','start_idx':4,'end_idx':7,'type':'ORG'}","{'word':'수호이 Su-25 폭격기','start_idx':36,'end_idx':48,'type':'POH'}",no_relation
49,"이 대열이 나타나면서 해안 지역에 강렬한 포격이 떨어졌다. 하지만, 가장 가까운 반군의 포병은 포가 닿을 수 있는 지역을 넘어서 있었다.","{'word':'반군','start_idx':45,'end_idx':46,'type':'ORG'}","{'word':'해안 지역','start_idx':12,'end_idx':16,'type':'POH'}",no_relation
50,"우크라이나군은 마리우폴에서 무인 항공기 2기를 발견했으며, 그 중 1기를 격추시켰다고 말했다.","{'word':'우크라이나군','start_idx':0,'end_idx':5,'type':'ORG'}","{'word':'무인 항공기','start_idx':15,'end_idx':20,'type':'POH'}",no_relation
51,"한편, 우크라이나군은 노보스비트리브카에서 ""러시아 전차""의 공격을 받고 후퇴했다고 말했다.","{'word':'우크라이나군','start_idx':4,'end_idx':9,'type':'ORG'}","{'word':'러시아','start_idx':24,'end_idx':26,'type':'ORG'}",org:hostile
52,"미국 국무부 장관은 성명에서 ""러시아는 이 전차가 우크라이나 정부군의 것이라고 말했지만, 그 당시 이 지역에서는 우크라이나 전차는 전혀 존재하지 않았으며"", ""우리는 이 전차가 러시아에서 온 것이라고 확신하고 있다.""라고 말했다.","{'word':'미국 국무부 장관','start_idx':0,'end_idx':8,'type':'PER'}","{'word':'러시아','start_idx':99,'end_idx':101,'type':'ORG'}",no_relation
53,"7월 4일, 정부군이 슬로비얀스크 근처 미콜라이비카 도시를 탈환했다.","{'word':'정부군','start_idx':7,'end_idx':9,'type':'ORG'}","{'word':'미콜라이비카','start_idx':22,'end_idx':27,'type':'LOC'}",no_relation
54,7월 13일에서는 러시아 로스토프주의 러시아 도네츠크에서 포격전이 일어났다.,"{'word':'러시아 도네츠크','start_idx':21,'end_idx':28,'type':'ORG'}","{'word':'러시아 로스토프주','start_idx':10,'end_idx':18,'type':'ORG'}",org:member_of
55,"또한, 도네츠크 주변에서는 아직도 전투가 진행 중이라고 말했다.","{'word':'도네츠크','start_idx':4,'end_idx':7,'type':'ORG'}","{'word':'전투','start_idx':19,'end_idx':20,'type':'POH'}",no_relation
56,"우크라이나 육군 대변인에 따르면, 공세 기간 동안 반군은 도시를 탈출하고 현재는 ""공포와 혼돈""의 상태라고 말했다.","{'word':'육군','start_idx':6,'end_idx':7,'type':'ORG'}","{'word':'대변인','start_idx':9,'end_idx':11,'type':'PER'}",org:top_members/employees
57,"새로 당선된 우크라이나의 대통령인 페트로 포로셴코는 이 전차가 우크라이나로 온 것은 ""받아들일 수 없는 일""이라고 말했다.","{'word':'페트로 포로셴코','start_idx':19,'end_idx':26,'type':'PER'}","{'word':'대통령','start_idx':14,'end_idx':16,'type':'POH'}",per:title
58,"우크라이나의 대통령인 페트로 포로셴코는 우크라이나 포병대가 장갑차 대열의 ""중요한 부분""을 파괴시켰다고 말했다.","{'word':'페트로 포로셴코','start_idx':12,'end_idx':19,'type':'PER'}","{'word':'대통령','start_idx':7,'end_idx':9,'type':'POH'}",per:title
59,"BBC와의 연결에 의하면 ""아조프 대대에서 외국인은 소수이며 자원군으로 와서 봉급을 받지 않는다.""라고 말했다.","{'word':'아조프 대대','start_idx':15,'end_idx':20,'type':'ORG'}","{'word':'외국인','start_idx':24,'end_idx':26,'type':'PER'}",org:top_members/employees
60,"또한, 우크라이나 정부군이 이 장갑차 대열의 일부를 파괴했으며 전투가 진행 중이라고 덧붙였다.","{'word':'우크라이나 정부군','start_idx':4,'end_idx':12,'type':'ORG'}","{'word':'장갑차','start_idx':17,'end_idx':19,'type':'POH'}",no_relation
61,"또한, 최고 지휘관인 이고리 스트렐코프는 ""러시아는 최종 결정을 해야할 때가 왔다.","{'word':'이고리 스트렐코프','start_idx':12,'end_idx':20,'type':'PER'}","{'word':'최고 지휘관','start_idx':4,'end_idx':9,'type':'POH'}",per:title
62,우크라이나 영토 방어 대대라는 이름의 친정부 군사조직은 돈바스 인민군과 기타 친러시아군과 맞써 싸우기 위해 만들어진 군사 조직이다.,"{'word':'우크라이나 영토 방어 대대','start_idx':0,'end_idx':13,'type':'ORG'}","{'word':'돈바스 인민군','start_idx':31,'end_idx':37,'type':'ORG'}",org:hostile
63,"방위군은 공격을 격퇴했으며, 다시 친러시아군을 스텝파니카로 물리치게 하고 이 곳에서 전투가 계속되었다.","{'word':'방위군','start_idx':0,'end_idx':2,'type':'ORG'}","{'word':'전투','start_idx':47,'end_idx':48,'type':'POH'}",no_relation
64,돈바스 반군 집단의 모병은 러시아 도시의 군사 병참부 시설을 통해 공개적으로 개인/집단으로 받아들이고 있는 것이 드러났다.,"{'word':'돈바스 반군 집단','start_idx':0,'end_idx':8,'type':'ORG'}","{'word':'러시아','start_idx':15,'end_idx':17,'type':'ORG'}",no_relation
65,"우크라이나 정부군에 따르면, 반정부군이 장악했던 영토의 4분의 3을 탈환했다고 말했다.","{'word':'정부군','start_idx':6,'end_idx':8,'type':'ORG'}","{'word':'반정부군','start_idx':16,'end_idx':19,'type':'ORG'}",org:hostile
66,체크포인트에는 1시간 넘게 포격이 이어져 마린브카의 인프라 시설이 심각하게 파괴되었다고 전했다.,"{'word':'마린브카','start_idx':23,'end_idx':26,'type':'ORG'}","{'word':'인프라 시설','start_idx':29,'end_idx':34,'type':'POH'}",org:property
67,"이 병사들 중 일부는 체첸어를 하는 등 체첸인으로 보이며, 자신은 체첸에서 왔다고 말하기도 했다.","{'word':'체첸인','start_idx':22,'end_idx':24,'type':'ORG'}","{'word':'병사','start_idx':2,'end_idx':3,'type':'PER'}",org:top_members/employees
68,지역 자원군과 러시아인 자원군을 포함해 약 100여명의 병사가 있다.,"{'word':'지역 자원군','start_idx':0,'end_idx':5,'type':'ORG'}","{'word':'러시아인 자원군','start_idx':8,'end_idx':15,'type':'ORG'}",no_relation
69,"이 마을은 마리우폴로부터 동쪽으로 각각 24km, 34km 떨어져 있는 곳이였다.","{'word':'마을','start_idx':2,'end_idx':3,'type':'ORG'}","{'word':'마리우폴','start_idx':6,'end_idx':9,'type':'ORG'}",org:member_of
70,"한편, 러시아의 국경을 따라 샤크타르스크 구에서는 전투가 계속되었으며 그너에서 지상군에게 공중 지원을 하던 우크라이나군 소속 수호이 Su-25 2대가 드미트리브카 근처에서 반정부군에게 격추당했다.","{'word':'우크라이나군','start_idx':60,'end_idx':65,'type':'ORG'}","{'word':'반정부군','start_idx':96,'end_idx':99,'type':'ORG'}",org:hostile
71,"이 발표에 맞춰, 도네츠크 주 남부의 해안도시 노보아조우스크가 수 차례의 포격을 받았다.","{'word':'노보아조우스크','start_idx':26,'end_idx':32,'type':'ORG'}","{'word':'도네츠크','start_idx':10,'end_idx':13,'type':'ORG'}",org:member_of
72,"친러시아군에 따르면, 우크라이나군이 시베르스크 전투에서 유리한 고지를 차지하기 위해 반군이 장악하던 얌필 마을을 점령하려는 시도로 최대 4,000명의 반군이 전투에 참여했다고 말했다.","{'word':'우크라이나군','start_idx':12,'end_idx':17,'type':'ORG'}","{'word':'반군','start_idx':47,'end_idx':48,'type':'ORG'}",org:hostile
73,"반군 사령관 이고리 스트렐코프는 도네츠크 시내의 방어를 준비하고 있으며, 정부군에게 포위당하지 않을 것이라고 말했다.","{'word':'이고리 스트렐코프','start_idx':7,'end_idx':15,'type':'PER'}","{'word':'사령관','start_idx':3,'end_idx':5,'type':'POH'}",per:title
74,"이게 도네츠크 인민 공화국에서 일으킨 봉기라면, 이 외국인은 여기서 무엇을 하는 것인가?""라고 말했다.","{'word':'도네츠크 인민 공화국','start_idx':3,'end_idx':13,'type':'ORG'}","{'word':'외국인','start_idx':29,'end_idx':31,'type':'PER'}",no_relation
75,"우크라이나군은 도시를 탈환하는 데 성공하고, 정부는 도네츠크를 탈환하기 전까지 마리우폴을 도네츠크주의 임시 주도로 선언했다.","{'word':'우크라이나군','start_idx':0,'end_idx':5,'type':'ORG'}","{'word':'마리우폴','start_idx':44,'end_idx':47,'type':'LOC'}",no_relation
76,"또한, 모자로프는 유대-프리메이슨 음모론을 믿고 유대인을 파괴 해야 한다는 것과 같은 일부 극단적인 성향을 포함하고 있는데, 그는 유대-프리메이슨은 ""전 세계에 혼란을 주고 있으며"" ""우리의 공통적인 정교회에게 고통을 안겨주는 세력이다.""라고 말했다.","{'word':'모자로프','start_idx':4,'end_idx':7,'type':'ORG'}","{'word':'유대인','start_idx':27,'end_idx':29,'type':'ORG'}",org:hostile
77,5월 27일 돈바스 지역의 친러시아군과의 인터뷰에서 적어도 2달 이전부터 도네츠크에서 16명 이상의 오세티야 출신의 병사가 있다고 인정했다.,"{'word':'인터뷰','start_idx':23,'end_idx':25,'type':'EVE'}","{'word':'5월 27일','start_idx':0,'end_idx':5,'type':'DAT'}",eve:date
78,8월 25일에는 러시아에서 우크라이나 국경 노보아조우스크로 장갑차들이 줄지어 들어오기 시작했다.,"{'word':'우크라이나','start_idx':15,'end_idx':19,'type':'ORG'}","{'word':'장갑차','start_idx':33,'end_idx':35,'type':'POH'}",no_relation
79,"7월 5일, 친러시아군에게 타격을 입힌 정부군은 슬로비얀스크의 거점을 탈환했다.","{'word':'친러시아군','start_idx':7,'end_idx':11,'type':'ORG'}","{'word':'정부군','start_idx':22,'end_idx':24,'type':'ORG'}",org:hostile
80,8월 8일에는 도네츠크 주변에서 포격과 전투가 계속되면서 민간인 수명이 사망하거나 부상을 입었다.,"{'word':'도네츠크','start_idx':8,'end_idx':11,'type':'ORG'}","{'word':'민간인','start_idx':32,'end_idx':34,'type':'PER'}",no_relation
81,우익 섹터의 대표인 드미트로 야로쉬는 이 죽음을 복수할 것이라고 천명했다.,"{'word':'드미트로 야로쉬','start_idx':11,'end_idx':18,'type':'PER'}","{'word':'대표','start_idx':7,'end_idx':8,'type':'POH'}",per:title
82,"또한, 도네츠크 도시 근처에 있는 호를리우카와 일로바이스크에서도 전투가 시작되었다.","{'word':'도네츠크','start_idx':4,'end_idx':7,'type':'ORG'}","{'word':'전투','start_idx':36,'end_idx':37,'type':'POH'}",no_relation
83,"7월 17일, 말레이시아 항공 소속 민항기인 17편이 도네츠크 주의 흐라보베에서 격추되어 탑승자 298명이 사망했다.","{'word':'말레이시아 항공','start_idx':8,'end_idx':15,'type':'ORG'}","{'word':'민항기','start_idx':20,'end_idx':22,'type':'POH'}",org:property
84,"호다콥스키는 도네츠크 인민 공화국 보안청 국장이며, ""돈바스 애국군"" 저항 대대의 지휘관이기도 하다.","{'word':'호다콥스키','start_idx':0,'end_idx':4,'type':'PER'}","{'word':'국장','start_idx':23,'end_idx':24,'type':'POH'}",per:title
85,"미국 국무부 대변인 젠 프사키는 ""이 침입은 러시아가 주도하고 있는 반격 작전이 진행됨을 나타낸다.""라고 말했고, 우크라이나의 대통령 페트로 포로셴코는 ""러시아군의 침공이 일어났다.""라고 말했다.","{'word':'젠 프사키','start_idx':11,'end_idx':15,'type':'PER'}","{'word':'대변인','start_idx':7,'end_idx':9,'type':'POH'}",per:title
86,이 작전에서 우크라이나 대테러리스트 센터의 우크라이나 보안원(SBU) 사단이 활동하고 있다.,"{'word':'우크라이나 보안원','start_idx':24,'end_idx':32,'type':'ORG'}","{'word':'SBU','start_idx':34,'end_idx':36,'type':'ORG'}",org:alternate_names
87,"한편, 도네츠크에 T-72 전차 2대가 들어오고, 루한스크의 군사 검문소에서 전투가 일어났고 이 전투는 이틀간 계속되었다.","{'word':'군사 검문소','start_idx':34,'end_idx':39,'type':'ORG'}","{'word':'루한스크','start_idx':28,'end_idx':31,'type':'ORG'}",org:member_of
88,"4월 18일, 프란치스코 교황은 최근 우크라이나 국경 부근에 러시아군이 증강 배치되는데 우려를 표명하고 긴장완화를 호소했다.","{'word':'프란치스코','start_idx':8,'end_idx':12,'type':'PER'}","{'word':'교황','start_idx':14,'end_idx':15,'type':'POH'}",per:title
89,"서방측에서는 이 새로운 반정부군의 공세는 러시아 연방의 전차, 포, 보병들이 러시아 영토에서 국경을 넘어 우크라이나 영토로 진격하는, 일종의 ""비밀스런 침공""과 같다고 말했다.","{'word':'러시아 연방','start_idx':23,'end_idx':28,'type':'ORG'}","{'word':'전차','start_idx':31,'end_idx':32,'type':'POH'}",org:property
90,반군은 이 마을에서 노보아조우스크 도시를 향해 포격하기 시작했다.,"{'word':'반군','start_idx':0,'end_idx':1,'type':'ORG'}","{'word':'마을','start_idx':6,'end_idx':7,'type':'POH'}",no_relation
91,"보스토크 대대(, , 직역하면 ""동부 대대"")는 2014년 5월 창설한 준군사조직이다.","{'word':'보스토크 대대','start_idx':0,'end_idx':6,'type':'ORG'}","{'word':'동부 대대','start_idx':18,'end_idx':22,'type':'ORG'}",org:alternate_names
92,전투 중에 반군의 차량 폭탄으로 인해 군인 3명이 사망했다.,"{'word':'반군','start_idx':6,'end_idx':7,'type':'ORG'}","{'word':'차량 폭탄','start_idx':10,'end_idx':14,'type':'POH'}",no_relation
93,"정부군이 이렇게 계속 진격함에도 불구하고, 러시아와의 국경은 확보하지 못했다.","{'word':'정부군','start_idx':0,'end_idx':2,'type':'ORG'}","{'word':'러시아','start_idx':24,'end_idx':26,'type':'ORG'}",no_relation
94,"전 반군사령관인 이고리 스트렐코프는 ""처음으로 적에게 해전에서 패배하게 하였다""라고 말했다.","{'word':'이고리 스트렐코프','start_idx':9,'end_idx':17,'type':'PER'}","{'word':'반군사령관','start_idx':2,'end_idx':6,'type':'POH'}",no_relation
95,"도네츠크의 칼리닌시키이 구에 포격이 있었고, 돈바스 대대는 일로바이스크에서 반정부군과 전투를 계속했다.","{'word':'칼리닌시키이 구','start_idx':6,'end_idx':13,'type':'ORG'}","{'word':'도네츠크','start_idx':0,'end_idx':3,'type':'ORG'}",org:member_of
96,"그를 이어서 흔히 ""차르""라고 알려진 블라디미르 코노노프가 최고 사령관이 되었다.","{'word':'블라디미르 코노노프','start_idx':21,'end_idx':30,'type':'PER'}","{'word':'최고 사령관','start_idx':33,'end_idx':38,'type':'POH'}",per:title
97,"또한, 친우크라이나 대대인 돈바스 대대가 포파스나 마을을 점령했다.","{'word':'돈바스 대대','start_idx':15,'end_idx':20,'type':'ORG'}","{'word':'친우크라이나 대대','start_idx':4,'end_idx':12,'type':'ORG'}",org:member_of
98,캅카스인과 중앙아시아인 민병대.,"{'word':'캅카스인','start_idx':0,'end_idx':3,'type':'ORG'}","{'word':'중앙아시아인','start_idx':6,'end_idx':11,'type':'ORG'}",no_relation
99,"8월 3일, 정부군은 도네츠크와 루한스크에 대한 포위를 완료했다.","{'word':'정부군','start_idx':7,'end_idx':9,'type':'ORG'}","{'word':'루한스크','start_idx':18,'end_idx':21,'type':'ORG'}",org:hostile
100,"2015년 5월 12일, 러시아의 원외야당 인민자유당(RPR-PARNAS)은 보리스 넴초프가 작성한 러시아의 우크라이나 사태 개입 관련 보고서를 전격 공개했고, 전체 64페이지 분량의 이 보고서에는 우크라이나 동부 돈바스 지역에서의 우크라이나 정부군과 친(親)러시아 분리주의 반군 간 전투에 러시아군이 친러시아 분리주의 반군을 도와 참여한 증거와 피해 규모 등이 들어가 있다.","{'word':'우크라이나 정부군','start_idx':130,'end_idx':138,'type':'ORG'}","{'word':'친(親)러시아 분리주의 반군','start_idx':141,'end_idx':155,'type':'ORG'}",org:hostile
101,"한편, 민스크에서는 반정부군, 러시아, 우크라이나, OSCE 사이 회담이 개최했다.","{'word':'반정부군','start_idx':11,'end_idx':14,'type':'ORG'}","{'word':'민스크','start_idx':4,'end_idx':6,'type':'LOC'}",no_relation
102,이 대대는 우크라이나 보안원에서 탈주한 지휘관인 알렉산드르 호다콥스키가 지휘한다.,"{'word':'알렉산드르 호다콥스키','start_idx':27,'end_idx':37,'type':'PER'}","{'word':'지휘관','start_idx':22,'end_idx':24,'type':'POH'}",per:title
103,"현재까지 다양한 보고서와 인터뷰에서 체첸인, 오셰티아인, 타지크인, 아프가니스탄인, 아르메니아인 등 다양한 러시아계 준군사세력이 우크라이나에서 활동하고 있다.","{'word':'체첸인','start_idx':20,'end_idx':22,'type':'PER'}","{'word':'우크라이나','start_idx':72,'end_idx':76,'type':'ORG'}",no_relation
104,이후 정부군의 공습으로 결국 로켓 런처는 파괴되었지만 이 과정에서 정부군 23명이 사망했다.,"{'word':'정부군','start_idx':3,'end_idx':5,'type':'ORG'}","{'word':'로켓 런처','start_idx':16,'end_idx':20,'type':'POH'}",no_relation
105,"8월 25일 기준, 친러시아 반군이 반격 작전을 시작하여 루한스크 시와 도네츠크 시에서 정부군의 공세가 멈췄다.","{'word':'친러시아 반군','start_idx':11,'end_idx':17,'type':'ORG'}","{'word':'정부군','start_idx':49,'end_idx':51,'type':'ORG'}",org:hostile
106,"우크라이나 국가 안보 및 국방위원회 대변인은 우크라이나로 들어오는 장갑차 대열이 ""러시아가 돈바스 전투가들을 구실로 하여 새로운 지역에서 군사 작전을 시작할려고 한다""라고 말했다.","{'word':'우크라이나','start_idx':0,'end_idx':4,'type':'ORG'}","{'word':'대변인','start_idx':20,'end_idx':22,'type':'PER'}",org:top_members/employees
107,"이 전투는 그 동안 돈바스에서 일어났던 어떤 전투보다 ""더 크고 더 많이 확장되었던"" 전투라고 말하고 있다.","{'word':'전투','start_idx':2,'end_idx':3,'type':'EVE'}","{'word':'돈바스','start_idx':11,'end_idx':13,'type':'LOC'}",eve:place
108,"파이낸셜 타임스와 바이스 잡지에서 체첸 군인의 인터뷰에 따르면, 체첸 대통령이 이 우크라이나의 전쟁에 참여하라고 말했다고 전했다.","{'word':'체첸 군인','start_idx':19,'end_idx':23,'type':'PER'}","{'word':'전쟁','start_idx':53,'end_idx':54,'type':'POH'}",no_relation
109,"5월 24일, 군인을 싣은 5개 트럭이 우크라이나-러시아 국경을 넘어서 우크라이나 내로 들어왔는데, 일부 보고에서는 이들이 체첸의 베테랑 군인인 것으로 추측된다고 말했다.","{'word':'체첸','start_idx':69,'end_idx':70,'type':'ORG'}","{'word':'군인','start_idx':77,'end_idx':78,'type':'PER'}",org:top_members/employees
110,"7월 2일, 친러시아군은 국경 도시인 노보아조우스크를 공격했다.","{'word':'친러시아군','start_idx':7,'end_idx':11,'type':'ORG'}","{'word':'노보아조우스크','start_idx':21,'end_idx':27,'type':'ORG'}",org:hostile
111,이는 며칠 전부터 치열한 전투가 있던 샤크타르스크 구에 위치한 말레이시아 항공 17편의 추락 지점 조사를 위해 국제 전문가를 파견하기 위해 이루어진 조치이다.,"{'word':'말레이시아 항공','start_idx':35,'end_idx':42,'type':'ORG'}","{'word':'국제 전문가','start_idx':62,'end_idx':67,'type':'PER'}",no_relation
112,"러시아가 크림 반도를 합병한 후, 러시아는 돈바스 지역에 대해 전쟁을 통해 개입하기 시작했다.","{'word':'러시아','start_idx':0,'end_idx':2,'type':'ORG'}","{'word':'전쟁','start_idx':35,'end_idx':36,'type':'POH'}",no_relation
113,"가디언 지에 따르면, 이들은 해체된 전 베르쿠트 요원이 포함되어 있다고 말한다.","{'word':'가디언 지','start_idx':0,'end_idx':4,'type':'ORG'}","{'word':'베르쿠트 요원','start_idx':22,'end_idx':28,'type':'PER'}",no_relation
114,"그의 성명에서는 ""기꺼이 76,000명의 체첸 군인을 우크라이나로 보내기를 원하지만"", 도네츠크가 아니라 키예프로 갈 것이라고 말했다.","{'word':'우크라이나','start_idx':30,'end_idx':34,'type':'ORG'}","{'word':'76,000명의 체첸 군인','start_idx':14,'end_idx':27,'type':'PER'}",org:property
115,"또 다른 대대인 아조프 대대는 극우 극단적 민족주의자 단체인 사회-국가 위원회의 소속으로 활동하고 있다. ""이 대대의 절반 이상은 러시아어를 하는 동우크라이나 사람이다.""라는 보고서가 있다.","{'word':'아조프 대대','start_idx':9,'end_idx':14,'type':'ORG'}","{'word':'사회-국가 위원회','start_idx':34,'end_idx':42,'type':'ORG'}",org:member_of
116,아조프 대대와 드니프로 대대와 같은 다른 자원군 부대는 일로바이스크에서 강한 저항에 부딪친 후 도시에서 후퇴했다.,"{'word':'아조프 대대','start_idx':0,'end_idx':5,'type':'ORG'}","{'word':'드니프로 대대','start_idx':8,'end_idx':14,'type':'ORG'}",no_relation
117,"루한스크는 전력과 물 공급이 완전히 끊겨 ""사실상 포위상태""라고 전했다.","{'word':'루한스크','start_idx':0,'end_idx':3,'type':'ORG'}","{'word':'물','start_idx':10,'end_idx':10,'type':'POH'}",no_relation
118,"7월 28일, 데발체베 마을과 함께 전략적으로 가치가 있는 사부르모흘라 기념비를 우크라이나 정부군이 장악했다.","{'word':'우크라이나 정부군','start_idx':45,'end_idx':53,'type':'ORG'}","{'word':'사부르모흘라 기념비','start_idx':33,'end_idx':42,'type':'POH'}",org:property
119,반군은 스챠스티아와 루한스크 주의 세베르스키도네츠 강을 따라 정부군을 공격했다.,"{'word':'반군','start_idx':0,'end_idx':1,'type':'ORG'}","{'word':'정부군','start_idx':34,'end_idx':36,'type':'ORG'}",org:hostile
120,"7월 15일, 친러시아군이 장악한 스니즈네 도시에 로켓이 발사되어 명중하여 11명이 사망하고 절대다수가 집을 잃었다.","{'word':'친러시아군','start_idx':8,'end_idx':12,'type':'ORG'}","{'word':'로켓','start_idx':28,'end_idx':29,'type':'POH'}",no_relation
121,자유유럽방송에서 전 분리주의 무장단체 소속 병사와의 인터뷰는 이 말을 지지한다.,"{'word':'분리주의 무장단체','start_idx':11,'end_idx':19,'type':'ORG'}","{'word':'병사','start_idx':24,'end_idx':25,'type':'PER'}",org:top_members/employees
122,"또한, 정부군은 브루시브카와 스타리카라반 마을도 탈환했다.","{'word':'정부군','start_idx':4,'end_idx':6,'type':'ORG'}","{'word':'브루시브카','start_idx':9,'end_idx':13,'type':'LOC'}",no_relation
123,스니즈네와 토레즈 주변 마을에서 치열한 접전이 일어났다.,"{'word':'스니즈네','start_idx':0,'end_idx':3,'type':'ORG'}","{'word':'토레즈','start_idx':6,'end_idx':8,'type':'ORG'}",no_relation
124,"뉴욕 타임스에 따르면 이 정전협정은 6월달에 페트로 포로셴코가 제안했으나 실패했던 ""15개 평화 계획""과 거의 똑같은 내용이라고 말했다.","{'word':'정전협정','start_idx':14,'end_idx':17,'type':'EVE'}","{'word':'페트로 포로셴코','start_idx':25,'end_idx':32,'type':'PER'}",no_relation
125,"다음 날, 러시아 국방부는 이 사건을 두고 병사들이 ""실수로"" 국경을 넘어서 일어난 것이라고 발표했다.","{'word':'러시아 국방부','start_idx':6,'end_idx':12,'type':'ORG'}","{'word':'병사들','start_idx':24,'end_idx':26,'type':'PER'}",org:top_members/employees
126,"반군에게 하룻동안 도시에서 포위당한 친우크라이나 자원군 돈바스 대대는 ""도시를 포기""한 우크라이나 정부와 우크라이나군을 비판했다.","{'word':'반군','start_idx':0,'end_idx':1,'type':'ORG'}","{'word':'돈바스 대대','start_idx':31,'end_idx':36,'type':'ORG'}",org:hostile
127,"또한, 군은 얌필과 자키트네 마을 주변에서 큰 전투가 여전히 진행중인 것을 인정했다.","{'word':'큰 전투','start_idx':24,'end_idx':27,'type':'EVE'}","{'word':'얌필','start_idx':7,'end_idx':8,'type':'LOC'}",eve:place
128,그 결과 도네츠크 인민 공화국 병사들이 단체로 항복하고 우크라이나군으로 합류했다.,"{'word':'도네츠크 인민 공화국','start_idx':5,'end_idx':15,'type':'ORG'}","{'word':'우크라이나군','start_idx':31,'end_idx':36,'type':'ORG'}",org:hostile
129,"7월 말, 디에 벨트 인터뷰에 따르면 도네츠크 시내 민병대에서 시민들의 지원의 70% 가까이가 지역 기업이라고 말했다.","{'word':'도네츠크 시내 민병대','start_idx':21,'end_idx':31,'type':'ORG'}","{'word':'시민들','start_idx':35,'end_idx':37,'type':'PER'}",org:top_members/employees
130,"알자지라 잉글리시에서는 아조프 대대에서 활동하는 캐나다인 병사와의 인터뷰가 있었는데, 그는 ""이 대대는 다른 극우 사회민족주의 단체와 극렬민족주의 성향의 스웨덴, 이탈리아, 프랑스, 캐나다, 러시아 조직에서 자원하여 들어오고 있다.""라고 말했다.","{'word':'아조프 대대','start_idx':13,'end_idx':18,'type':'ORG'}","{'word':'캐나다인 병사','start_idx':27,'end_idx':33,'type':'PER'}",org:top_members/employees
131,루한스크 인민 공화국 계열 친러시아군은 7월 1일에 공항을 점령했다고 말했지만 우크라이나군이 여전히 장악하고 있는 것으로 드러났다.,"{'word':'친러시아군','start_idx':15,'end_idx':19,'type':'ORG'}","{'word':'7월 1일','start_idx':22,'end_idx':26,'type':'DAT'}",no_relation
132,러시아 정교회군이 참여한 주요 전투로는 1차 마리우폴 전투와 아므브로시브카 현 전투가 있다.,"{'word':'러시아 정교회군','start_idx':0,'end_idx':7,'type':'ORG'}","{'word':'전투','start_idx':30,'end_idx':31,'type':'POH'}",no_relation
133,"이 전투의 승리로 도네츠크 인민 공화국과 루간스크 인민 공화국 사이의 보급선이 끊겼으며, 도네츠크 시가 포위되었다.","{'word':'도네츠크 시','start_idx':50,'end_idx':55,'type':'ORG'}","{'word':'도네츠크 인민 공화국','start_idx':10,'end_idx':20,'type':'ORG'}",org:member_of
134,"또한, 정부군은 루한스크 도시 가장자리까지 진입했다.","{'word':'정부군','start_idx':4,'end_idx':6,'type':'ORG'}","{'word':'루한스크 도시','start_idx':9,'end_idx':15,'type':'LOC'}",no_relation
135,"2014년 5월 4일, 남오세티야의 친러시아 성향 정당인 오세티야 연합당과 낙하산병 연합이 ""우크라이나 남동부의 평화로운 시민들""을 보호하기 위해 조지아-오세티야 충돌에 참여했던 노병 자원군을 보낼 것이라고 발표했다.","{'word':'오세티야 연합당','start_idx':32,'end_idx':39,'type':'ORG'}","{'word':'낙하산병 연합','start_idx':42,'end_idx':48,'type':'ORG'}",org:friendly
136,정부군은 공격하려다 패주하는 친러시아군에 대해 대포 포격 및 항공 폭격을 전개했다.,"{'word':'정부군','start_idx':0,'end_idx':2,'type':'ORG'}","{'word':'친러시아군','start_idx':16,'end_idx':20,'type':'ORG'}",org:hostile
137,정부의 군사 작전 현황을 인용한 Liga.net에서는 친러시아군 400명 가까이가 사망했지만 이 높은 수치를 확인할 수 없다고 말했다.,"{'word':'친러시아군','start_idx':30,'end_idx':34,'type':'ORG'}","{'word':'수치','start_idx':57,'end_idx':58,'type':'POH'}",no_relation
138,"이 사건 이후, 새로 임명된 도네츠크 인민 공화국의 총리 알렉산드르 자하르첸코는 자신의 군에 러시아 훈련 전투병 1,200명이 있다고 말했다.","{'word':'도네츠크 인민 공화국','start_idx':16,'end_idx':26,'type':'ORG'}","{'word':'훈련 전투병 1,200명','start_idx':56,'end_idx':68,'type':'ORG'}",org:property
139,7월 16일에는 러시아 국경의 샤크타르스크 구를 따라서 친러시아군과 우크라이나 정부군 사이 전투가 발발했다.,"{'word':'친러시아군','start_idx':31,'end_idx':35,'type':'ORG'}","{'word':'우크라이나 정부군','start_idx':38,'end_idx':46,'type':'ORG'}",org:hostile
140,"5월 25일, SBU는 루한스크에서 러시아 카자크인 13명을 체포했다.","{'word':'러시아','start_idx':20,'end_idx':22,'type':'ORG'}","{'word':'카자크인','start_idx':24,'end_idx':27,'type':'PER'}",org:top_members/employees
141,"카자크는 이것이 카자크 형제들, 러시아 제국주의, 러시아 정교회의 믿음이라고 생각하고 있고 이들은 ""역사적인 러시아 국토""으로 인식하고 있는 땅을 점령하려는 의도로 반란에 참여하고 있다고 말했다.","{'word':'러시아','start_idx':18,'end_idx':20,'type':'ORG'}","{'word':'반란','start_idx':92,'end_idx':93,'type':'POH'}",no_relation
142,"유엔은 이 지역에서 주로 도네츠크 인민 공화국 소속 군이 표적살해, 고문, 납치한 사례를 문서화하여 이 지역에서 인권 악화가 심해지고 있다고 보고했다.","{'word':'유엔','start_idx':0,'end_idx':1,'type':'PER'}","{'word':'도네츠크 인민 공화국 소속 군','start_idx':14,'end_idx':29,'type':'ORG'}",no_relation
143,상트페테르부르크에서 발간하는 가제타(Gazeta) 신문 인터뷰에서는 또 다른 말이 있다.,"{'word':'가제타','start_idx':16,'end_idx':18,'type':'ORG'}","{'word':'Gazeta','start_idx':20,'end_idx':25,'type':'ORG'}",org:alternate_names
144,"이 조직에는 돈바스 대대, 아조프 대대, 하르키우 대대, 올레 라셴코의 부대 등이 있다.","{'word':'하르키우 대대','start_idx':23,'end_idx':29,'type':'ORG'}","{'word':'올레 라셴코의 부대','start_idx':32,'end_idx':41,'type':'ORG'}",org:friendly
145,러시아 시민과 군인 상당수가 도네츠크 인민 공화국과 루한스크 인민 공화국에게서 자원군으로 활동하고 있으며 이는 친러시아군 지휘관도 인정했다.,"{'word':'러시아','start_idx':0,'end_idx':2,'type':'ORG'}","{'word':'도네츠크 인민 공화국','start_idx':16,'end_idx':26,'type':'ORG'}",org:friendly
146,9월 6일에는 러시아의 대통령 블라디미르 푸틴과 우크라이나의 대통령인 페트로 포로셴코가 만나 회담을 가졌다.,"{'word':'페트로 포로셴코','start_idx':39,'end_idx':46,'type':'PER'}","{'word':'대통령','start_idx':34,'end_idx':36,'type':'POH'}",per:title
147,반정부군은 이전에 마리니브카의 우크라이나 정부군을 포격하기 위해 사부르모흘라에 포를 배치하기도 했다.,"{'word':'반정부군','start_idx':0,'end_idx':3,'type':'ORG'}","{'word':'우크라이나 정부군','start_idx':17,'end_idx':25,'type':'ORG'}",org:hostile
148,노보스비틸브카 근처에서는 루한스크 난민 호송대가 로켓 공격을 받기도 했다.,"{'word':'루한스크 난민 호송대','start_idx':14,'end_idx':24,'type':'ORG'}","{'word':'로켓','start_idx':27,'end_idx':28,'type':'POH'}",no_relation
149,"호를리우카에서 탈영한 경찰들을 러시아군 중령이 지휘하고 있다는 정보가 들어왔는데, 그 지휘관은 나주에 이고리 베즐레르임이 확인되었다. 구 소련의 베테랑 군인이자 슬로비얀스크의 시장이라고 주장하는 뱌체슬라프 포노마료프는 옛 친구들에게 민병대에게 참여하라면서 ""예전에 나와 같이 전쟁에 참전했던 친구들을 연락하면 그들은 이 나라와 러시아에서 뿐만 아니라 벨라루스, 카자흐스탄, 몰도바에서도 온다""라고 말했다.","{'word':'나주에 이고리 베즐레르','start_idx':53,'end_idx':64,'type':'PER'}","{'word':'지휘관','start_idx':48,'end_idx':50,'type':'POH'}",per:title
150,루한스크 남동군이 장악하고 있는 루한스크 주의 국경 지역인 이즈바리네는 러시아로부터 무기와 병력을 들어오는 주요 입구로 알려져 있다.,"{'word':'이즈바리네','start_idx':33,'end_idx':37,'type':'ORG'}","{'word':'루한스크 주','start_idx':18,'end_idx':23,'type':'ORG'}",org:member_of
151,"정부군은 7월 23일 도네츠크 국제공항에서 반정부군의 바리케이드를 돌파했으며, 이후 도네츠크 도시의 북서부 지역까지 도달했다.","{'word':'정부군','start_idx':0,'end_idx':2,'type':'ORG'}","{'word':'반정부군','start_idx':24,'end_idx':27,'type':'ORG'}",org:hostile
152,"뿐만 아니라, 우크라이나 국경수비대 사령관인 미콜라 라트반은 공식 보고서에서 압하스 출신의 병사들도 보이고 있다고 말했다.","{'word':'미콜라 라트반','start_idx':25,'end_idx':31,'type':'PER'}","{'word':'사령관','start_idx':20,'end_idx':22,'type':'POH'}",per:title
153,"또한, 대변인은 철도역은 여전히 정부군이 장악하고 있으며, 이 지역의 모든 철도 교통은 차단되었다고 말했다.","{'word':'정부군','start_idx':18,'end_idx':20,'type':'ORG'}","{'word':'대변인','start_idx':4,'end_idx':6,'type':'PER'}",no_relation
154,극단적 민족주의 단체인 우익 섹터도 돈바스 지역에서 활동하는 군사 단체가 있다. 2014년 8월 도네츠크의 전투에서 약 12명이 사망한 것으로 추측된다.,"{'word':'극단적 민족주의 단체','start_idx':0,'end_idx':10,'type':'ORG'}","{'word':'우익 섹터','start_idx':13,'end_idx':17,'type':'ORG'}",no_relation
155,이 사고는 7일 전 비슷한 곳에서 우크라이나 공군 소속 비행기 2대가 격추된 유사 사건이 일어난 지점이었다.,"{'word':'우크라이나','start_idx':19,'end_idx':23,'type':'ORG'}","{'word':'비행기','start_idx':31,'end_idx':33,'type':'POH'}",org:property
156,"또한, 그는 정부군이 도네츠크 시내 중심까지 오지 못할 것이라고 말했다.","{'word':'정부군','start_idx':7,'end_idx':9,'type':'ORG'}","{'word':'시내','start_idx':17,'end_idx':18,'type':'POH'}",no_relation
157,원래 대대는 체첸 공화국에 본부를 두었던 러시아 국방부 소속 병력으로 2009년에 설립했다.,"{'word':'체첸 공화국','start_idx':7,'end_idx':12,'type':'ORG'}","{'word':'러시아','start_idx':23,'end_idx':25,'type':'ORG'}",no_relation
158,우크라이나군의 빈약한 장비와 무능한 리더십으로 인해 최근에는 우크라이나 국가방위군이나 우크라이나 영토 방어 대대와 같은 우크라이나 내무부 소속 군사와 함께 활동하고 있기도 한다.,"{'word':'내무부','start_idx':73,'end_idx':75,'type':'ORG'}","{'word':'국가방위군','start_idx':40,'end_idx':44,'type':'ORG'}",org:member_of
159,"루한스크 시장 세르게이 크라베셴코는 루한스크의 상황이 ""끝임없는 로켓 공격과 봉쇄로 인해 도시는 인권의 사각지대에 놓여 재앙으로 향하고 있다""라고 말했다.","{'word':'세르게이 크라베셴코','start_idx':8,'end_idx':17,'type':'PER'}","{'word':'시장','start_idx':5,'end_idx':6,'type':'POH'}",per:title
160,"2014년 2월, 2014년 크림 위기가 발생, 러시아가 크림반도를 점령했다.","{'word':'크림 위기','start_idx':16,'end_idx':20,'type':'EVE'}","{'word':'2014년 2월','start_idx':0,'end_idx':7,'type':'DAT'}",eve:date
161,"또한, 그 시장은 도시를 공격하는 반정부군 소속 전차와 장갑차 수십대가 있다고 말했다.","{'word':'반정부군','start_idx':19,'end_idx':22,'type':'ORG'}","{'word':'장갑차','start_idx':31,'end_idx':33,'type':'POH'}",org:property
162,"유엔은 도네츠크 인민 공화국과 루간스크 인민 공화국, 이들과 연합한 반정부군이 점령한 지역에 대해 ""놀라울 정도의 인권 악화"" 상황이라고 말했다.","{'word':'반정부군','start_idx':38,'end_idx':41,'type':'ORG'}","{'word':'도네츠크 인민 공화국','start_idx':4,'end_idx':14,'type':'ORG'}",org:friendly
163,SBU는 우크라이나의 정보 기관이다.,"{'word':'SBU','start_idx':0,'end_idx':2,'type':'ORG'}","{'word':'우크라이나','start_idx':5,'end_idx':9,'type':'ORG'}",org:member_of
164,정부군은 7월 30일 도네츠크 공항 근처 아우디이우카의 반정부군을 축출하며 추가 공세를 진행했다.,"{'word':'정부군','start_idx':0,'end_idx':2,'type':'ORG'}","{'word':'반정부군','start_idx':31,'end_idx':34,'type':'ORG'}",org:hostile
165,"친정부 민병대 아조프 대대와 샤크다르스크의 부대가 도네츠크 도시 내로 진입을 시작했고, ""해방""을 시작했다고 말했다.","{'word':'아조프 대대','start_idx':8,'end_idx':13,'type':'ORG'}","{'word':'도네츠크 도시','start_idx':28,'end_idx':34,'type':'LOC'}",no_relation
166,"돈바스 지역에서 정부군과 반정부군 사이 전투는 하루 내내 ""지속적으로"" 이루어지고 있다고 말했다.","{'word':'정부군','start_idx':9,'end_idx':11,'type':'ORG'}","{'word':'반정부군','start_idx':14,'end_idx':17,'type':'ORG'}",org:hostile
167,"그는 도네츠크 인민 공화국이 크라마토르스크로 후퇴했다고 말했지만, BBC에 따르면 친러시아군이 크라마토르스크 체크포인트를 버리고 후퇴했다고 말했다.","{'word':'BBC','start_idx':37,'end_idx':39,'type':'ORG'}","{'word':'친러시아군','start_idx':46,'end_idx':50,'type':'ORG'}",no_relation
168,"DPR 및 LPR 지도자들은 우크라이나 조건은 양보조건을 내걸었으나, 여전히 우크라이나로의 독립을 위해 싸울 것이라고 말했다.","{'word':'DPR','start_idx':0,'end_idx':2,'type':'ORG'}","{'word':'LPR','start_idx':6,'end_idx':8,'type':'ORG'}",no_relation
169,"러시아 정교회군(, Russkaya pravoslavnaya armiya)은 2014년 5월부터 돈바스 전쟁에 참여한 우크라이나의 친러파 반정부군 단체다.","{'word':'러시아 정교회군','start_idx':0,'end_idx':7,'type':'ORG'}","{'word':'친러파 반정부군 단체','start_idx':73,'end_idx':83,'type':'ORG'}",org:member_of
170,이 군사는 우크라이나 내무부 소속으로 활동하고 있다.,"{'word':'내무부','start_idx':12,'end_idx':14,'type':'ORG'}","{'word':'군사','start_idx':2,'end_idx':3,'type':'ORG'}",org:member_of
171,"로이터지는 도네츠크 도시에서 러시아 소속 전차 3대를 발견했다고 전했고, 미국 국무부의 국무부 정보조사국에서도 러시아가 실제로 우크라이나 친러시아군에게 중무기와 함께 전차를 보냈다고 발표했다.","{'word':'국무부 정보조사국','start_idx':49,'end_idx':57,'type':'ORG'}","{'word':'미국 국무부','start_idx':41,'end_idx':46,'type':'ORG'}",org:member_of
172,"체첸 공화국의 대통령인 람잔 카디로프는 5월 7일 만약 키예프에서 그 ""징벌적인 작전을 계속 수행할 경우"" 남부 및 동부우크라이나에 체첸 ""자원군"" 수만명을 보낼 것이라고 위협했다.","{'word':'람잔 카디로프','start_idx':13,'end_idx':19,'type':'PER'}","{'word':'대통령','start_idx':8,'end_idx':10,'type':'POH'}",per:title
173,"친러시아군이 장악했던 도네츠크를 향한 정부군의 공세로, 7월 7일에는 도네츠크를 향하는 도로가 차단되었다.","{'word':'정부군','start_idx':21,'end_idx':23,'type':'ORG'}","{'word':'7월 7일','start_idx':31,'end_idx':35,'type':'DAT'}",no_relation
174,"인도주의 ""통로""가 유지되어, 민간인들은 이 통로를 통해 피해받은 지역을 떠날 수 있다.","{'word':'민간인','start_idx':17,'end_idx':19,'type':'PER'}","{'word':'통로','start_idx':6,'end_idx':7,'type':'POH'}",no_relation
175,"나토의 사령관인 준장 젠 니코 탁은 8월 28일 러시아군 1,000명 이상이 돈바스의 분쟁 지역으로 향했다고 발표했다.","{'word':'준장 젠 니코 탁','start_idx':9,'end_idx':17,'type':'PER'}","{'word':'사령관','start_idx':4,'end_idx':6,'type':'POH'}",per:title
176,8월 친러시아군의 반격 작전.,"{'word':'반격 작전','start_idx':10,'end_idx':14,'type':'EVE'}","{'word':'8월','start_idx':0,'end_idx':1,'type':'DAT'}",eve:date
177,러시아군 측에서는 그 사람들이 실제 러시아 낙하산병이며 체포당했음을 확인했다.,"{'word':'러시아군','start_idx':0,'end_idx':3,'type':'ORG'}","{'word':'낙하산병','start_idx':24,'end_idx':27,'type':'PER'}",org:top_members/employees
178,흰 완장과 녹색 군복을 입은 이 군인 10명은 드제르칼네에서 우크라이나군에게 체포당했다.,"{'word':'군인','start_idx':18,'end_idx':19,'type':'PER'}","{'word':'우크라이나군','start_idx':34,'end_idx':39,'type':'PER'}",no_relation
179,방대한 양의 군사 장비와 병력이 러시아와의 국경을 통해 이전에 우크라이나 정부가 통제했던 도네츠크 주로 들어갔다.,"{'word':'러시아','start_idx':18,'end_idx':20,'type':'ORG'}","{'word':'군사 장비','start_idx':7,'end_idx':11,'type':'POH'}",no_relation
180,정부군은 도시의 남동부 지역을 장악했다.,"{'word':'정부군','start_idx':0,'end_idx':2,'type':'ORG'}","{'word':'도시','start_idx':5,'end_idx':6,'type':'POH'}",no_relation
181,"침공 일주일 전, 러시아는 국경을 넘어서 우크라이나군을 포격했으며, 7월 중순부터는 러시아가 국경을 넘어선 지속적인 포격을 한 것이 확인되었다.","{'word':'러시아','start_idx':10,'end_idx':12,'type':'ORG'}","{'word':'우크라이나군','start_idx':23,'end_idx':28,'type':'ORG'}",org:hostile
182,"도네츠크 인민 공화국 소속 반군은 정부군이 격추시켰다고 주장했으며, 우크라이나 정부는 러시아 및 반군이 격추시켰다고 주장했다.","{'word':'반군','start_idx':15,'end_idx':16,'type':'ORG'}","{'word':'도네츠크 인민 공화국','start_idx':0,'end_idx':10,'type':'ORG'}",org:member_of
183,일부 비디오에서는 도네츠크 도시에서 오세티야 소속의 무장 단체가 존재하는 것으로 확인하고 있다.,"{'word':'무장 단체','start_idx':29,'end_idx':33,'type':'ORG'}","{'word':'오세티야','start_idx':20,'end_idx':23,'type':'ORG'}",org:member_of
184,"우크라이나군이 세베로도네츠크를 탈환한 이후, 리시찬스크 주변의 반군과 전투를 시작했다.","{'word':'우크라이나군','start_idx':0,'end_idx':5,'type':'ORG'}","{'word':'반군','start_idx':35,'end_idx':36,'type':'ORG'}",org:hostile
185,이 지역은 전투가 일어나기 전 3주 동안 30km 부근에는 반군이 활동하지 않던 지역이었다.,"{'word':'반군','start_idx':33,'end_idx':34,'type':'ORG'}","{'word':'전투','start_idx':6,'end_idx':7,'type':'POH'}",no_relation
186,"이 카자크 부대의 일부분은 제2차 세계 대전 당시 소련과 대항하여 싸웠던 독립적인 백 카자크군을 본딴 ""테렉늑대 소티나""라는 준군사조직을 창설했다.","{'word':'소련','start_idx':28,'end_idx':29,'type':'ORG'}","{'word':'백 카자크군','start_idx':46,'end_idx':51,'type':'ORG'}",org:hostile
187,"또한, 우크라이나군에 의한 구타, 납치, 지역 주민들의 처형에 관한 여러 제보도 있었다.","{'word':'우크라이나군','start_idx':4,'end_idx':9,'type':'ORG'}","{'word':'주민들','start_idx':26,'end_idx':28,'type':'PER'}",no_relation
188,"한 도네츠크 주민은 체첸 전투병의 존재에 대해 ""이 전쟁은 깨끗하지 않다.","{'word':'주민','start_idx':7,'end_idx':8,'type':'PER'}","{'word':'전쟁','start_idx':29,'end_idx':30,'type':'POH'}",no_relation
189,8월 9일에는 반군 지휘관 이고르 기르킨이 도네츠크는 정부군에게 완전히 포위되었다고 말했다.,"{'word':'이고르 기르킨','start_idx':15,'end_idx':21,'type':'PER'}","{'word':'지휘관','start_idx':11,'end_idx':13,'type':'POH'}",per:title
190,"스트렐코프의 군이 도네츠크로 후퇴한 뒤, ""쿠데타""라고 묘사되는 일련의 과정들을 통해 이전 장관들을 교체하고 도네츠크 인민 공화국을 장악했다.","{'word':'도네츠크 인민 공화국','start_idx':61,'end_idx':71,'type':'ORG'}","{'word':'쿠데타','start_idx':24,'end_idx':26,'type':'POH'}",no_relation
191,"이날, 로벤키 근처의 정부군 대열이 친러시아군의 BM-21의 공격을 받았다.","{'word':'친러시아군','start_idx':20,'end_idx':24,'type':'ORG'}","{'word':'BM-21','start_idx':27,'end_idx':31,'type':'POH'}",org:property
192,"도네츠크 시 행정부에 따르면, 페트리브스키 구에서 집 11채가 파괴되고 1명이 부상을 입었다고 밝혔다.","{'word':'페트리브스키 구','start_idx':17,'end_idx':24,'type':'ORG'}","{'word':'도네츠크 시 행정부','start_idx':0,'end_idx':9,'type':'ORG'}",org:member_of
193,두 도시의 전투에서 많은 민간인들이 사망했다.,"{'word':'민간인','start_idx':14,'end_idx':16,'type':'ORG'}","{'word':'전투','start_idx':6,'end_idx':7,'type':'POH'}",no_relation
194,"북캅카스 이슬람 저항 세력의 공식 웹사이트인 카브카자센터(Kavkazcenter)에서는 체첸 정부가 우크라이나에 전투하고자 하는 ""자원군""을 모집하는 사무소를 만들었는데 그 사무실이 갑자기 폐쇄되었다고 말했다.","{'word':'체첸 정부','start_idx':49,'end_idx':53,'type':'ORG'}","{'word':'우크라이나','start_idx':56,'end_idx':60,'type':'ORG'}",no_relation
195,"도네츠크 도시의 상황은 이보다는 덜 긴박하고 러시아로 향하는 열차는 계속 운행하고 있지만, 전투와 포격이 누그러지지 않는다고 말했다.","{'word':'러시아','start_idx':25,'end_idx':27,'type':'ORG'}","{'word':'열차','start_idx':34,'end_idx':35,'type':'POH'}",no_relation
196,"러시아 외무부 장관 세르게이 라브로프는 이 사건에 대해 잘 알지 못하며, 사건 보고서가 러시아군의 침입이라는 ""허위"" 내용이라고 말했다.","{'word':'세르게이 라브로프','start_idx':11,'end_idx':19,'type':'PER'}","{'word':'장관','start_idx':8,'end_idx':9,'type':'POH'}",per:title
197,"마리우폴 시 웹사이트에 따르면, 돈바스 대대와 드니프로 대대가 이 공격을 격퇴하고 ""침략자""들을 국경으로 물러냈다고 말했다.","{'word':'돈바스 대대','start_idx':18,'end_idx':23,'type':'ORG'}","{'word':'드니프로 대대','start_idx':26,'end_idx':32,'type':'ORG'}",no_relation
198,슬로비얀스크의 돈바스 인민군의 지휘관인 이고리 스트렐코프는 친러시아군에서 러시아가 참여하고 있다는 것을 부인했다.,"{'word':'이고리 스트렐코프','start_idx':22,'end_idx':30,'type':'PER'}","{'word':'지휘관','start_idx':17,'end_idx':19,'type':'POH'}",per:title
199,여기에 정부군은 수주 간 친러시아군과의 전투 이후 9월 1일 루한스크 국제공항에서 후퇴했다.,"{'word':'정부군','start_idx':4,'end_idx':6,'type':'ORG'}","{'word':'친러시아군','start_idx':14,'end_idx':18,'type':'ORG'}",org:hostile
200,러시아 정교회군의 지휘부는 도네츠크의 우크라이나 보안원(SBU) 청사를 사용하고 있다.,"{'word':'우크라이나 보안원','start_idx':21,'end_idx':29,'type':'ORG'}","{'word':'SBU','start_idx':31,'end_idx':33,'type':'ORG'}",org:alternate_names
201,"정부의 발표에 따르면, 격렬한 전투 이후 정부군이 루한스크 국제공항을 장악했다고 말했다.","{'word':'정부군','start_idx':23,'end_idx':25,'type':'ORG'}","{'word':'국제공항','start_idx':33,'end_idx':36,'type':'POH'}",no_relation
202,뉴욕 타임스의 보도에서는 이 병사들이 기진맥진하면서 후퇴하고 있다고 말했다.,"{'word':'뉴욕 타임스','start_idx':0,'end_idx':5,'type':'ORG'}","{'word':'병사들','start_idx':16,'end_idx':18,'type':'ORG'}",no_relation
203,이 포격으로 인해 유럽안보협력기구(OSCE)의 루한스크 사무실에서 스타로빌스크로 이동했다.,"{'word':'유럽안보협력기구','start_idx':10,'end_idx':17,'type':'ORG'}","{'word':'OSCE','start_idx':19,'end_idx':22,'type':'ORG'}",org:alternate_names
204,"다음 날, 우크라이나 공군이 도네츠크 주와 루한스크 주의 친러시아군을 향해 공습을 시작했다.","{'word':'우크라이나 공군','start_idx':6,'end_idx':13,'type':'ORG'}","{'word':'친러시아군','start_idx':32,'end_idx':36,'type':'ORG'}",org:hostile
205,약 20명 정도의 헝가리인이 '성 스테판 군단'이라는 이름의 군으로 활동하고 있다고 알려져 있다.,"{'word':'성 스테판 군단','start_idx':17,'end_idx':24,'type':'ORG'}","{'word':'헝가리인','start_idx':10,'end_idx':13,'type':'PER'}",org:top_members/employees
206,8월 27일에는 전쟁이 새로운 국면에 들어갔다.,"{'word':'전쟁','start_idx':9,'end_idx':10,'type':'EVE'}","{'word':'8월 27일','start_idx':0,'end_idx':5,'type':'DAT'}",eve:date
207,"우크라이나 당국은 2021년 들어 30명 가까운 병력이 숨지는 등 몇 주간 휴전 위반이 빈번해졌다며 러시아가 동부 국경 부근에 4만1000명, 러시아가 사실상 강제로 합병한 크림반도의 해군기지에 4만2000명을 증원 배치해 군사적 긴장을 부추기고 있다고 비난했다.","{'word':'우크라이나','start_idx':0,'end_idx':4,'type':'ORG'}","{'word':'해군기지','start_idx':103,'end_idx':106,'type':'ORG'}",org:property
208,"페트로 포로셴코 대통령은 도네츠크 주와 루한시크 주에 ""특별지위""를 부여하며, 이 지역에서의 러시아어 사용을 법적으로 보호받을 것이라고 말했다.","{'word':'페트로 포로셴코','start_idx':0,'end_idx':7,'type':'EVE'}","{'word':'대통령','start_idx':9,'end_idx':11,'type':'POH'}",no_relation
209,"도시를 가로질러 전투가 일어났으며, 반군 점령 지역에서는 포격이 떨어졌다.","{'word':'반군','start_idx':20,'end_idx':21,'type':'ORG'}","{'word':'포격','start_idx':32,'end_idx':33,'type':'POH'}",no_relation
210,이 새로운 3번째 전선이 만들어지면서 우크라이나 정부군은 마리우폴로 퇴각했다.,"{'word':'정부군','start_idx':27,'end_idx':29,'type':'ORG'}","{'word':'우크라이나','start_idx':21,'end_idx':25,'type':'ORG'}",org:member_of
211,"도네츠크 인민 공화국의 대통령인 데니스 푸실린은 도네츠크 도시에 전차 3대가 주둔할 것이며, 이들은 ""중화기를 사용하는 적들에게 도네츠크 방어전에 희망을 줄 것이다""라고 말했다.","{'word':'데니스 푸실린','start_idx':18,'end_idx':24,'type':'PER'}","{'word':'대통령','start_idx':13,'end_idx':15,'type':'POH'}",per:title
212,"도네츠크 주 북부에서 친러시아군의 철수로 소강 상태로 들어간 이후, 도네츠크 동부 지역에서는 충돌 수준이 급격하게 증가했다.","{'word':'친러시아군','start_idx':12,'end_idx':16,'type':'ORG'}","{'word':'지역','start_idx':46,'end_idx':47,'type':'POH'}",no_relation
213,"SBU는 그들의 사진, 이름을 공개했다.","{'word':'SBU','start_idx':0,'end_idx':2,'type':'ORG'}","{'word':'사진','start_idx':9,'end_idx':10,'type':'POH'}",no_relation
214,내무부 장관인 아르센 아바코프는 돈바스 지역에서 친러시아군에 대한 진압 작전을 선도하는 사람이다.,"{'word':'아르센 아바코프','start_idx':8,'end_idx':15,'type':'PER'}","{'word':'장관','start_idx':4,'end_idx':5,'type':'POH'}",per:title
215,"드제르쟌스크, 솔레다르, 루비지네 도시를 정부군이 탈환했다.","{'word':'정부군','start_idx':23,'end_idx':25,'type':'ORG'}","{'word':'도시','start_idx':19,'end_idx':20,'type':'POH'}",no_relation
216,"우크라이나 정부는 도네츠크의 모든 민간인은 대피하며, 도네츠크 인민 공화국과 루간스크 인민 공화국에게 도네츠크, 루한스크, 호를리우카에서 시민들이 대피할 수 있도록 ""인도주의적 대피로""를 만들 것이라고 말했다.","{'word':'도네츠크 인민 공화국','start_idx':30,'end_idx':40,'type':'ORG'}","{'word':'루간스크 인민 공화국','start_idx':43,'end_idx':53,'type':'ORG'}",no_relation
217,BBC 뉴스에서는 이 대대는 주로 일부 러시아인 자원군과 동우크라이나에서 교육받지 않은 지역 주민들로 구성되어 있다고 말했다.,"{'word':'대대','start_idx':12,'end_idx':13,'type':'ORG'}","{'word':'러시아인 자원군','start_idx':22,'end_idx':29,'type':'PER'}",org:top_members/employees
218,"한편, 계속되는 군사적 패배로 인해 도네츠크 인민 공화국의 사령관 이고리 스트렐코프는 러시아의 군사 개입을 촉구했고, 도네츠크 주의 지역 주민들 사이 징집의 어려움과 반군의 전투 경험 부족으로 인해 패배하고 있다고 말했다.","{'word':'이고리 스트렐코프','start_idx':37,'end_idx':45,'type':'PER'}","{'word':'사령관','start_idx':33,'end_idx':35,'type':'POH'}",per:title
219,이 대대에는 러시아인과 우크라이나인 모두가 있다.,"{'word':'러시아인','start_idx':7,'end_idx':10,'type':'PER'}","{'word':'우크라이나인','start_idx':13,'end_idx':18,'type':'PER'}",no_relation
220,"거리는 비었고, 반군은 거리 곳곳에 바리케이드를 세웠다.","{'word':'반군','start_idx':9,'end_idx':10,'type':'ORG'}","{'word':'거리','start_idx':13,'end_idx':14,'type':'POH'}",no_relation
221,"정부군에 따르면, 친러시아군이 크라스니리만 주위의 정부군 초계기지를 공격하면서 전투가 일어나기 시작했다고 말했다.","{'word':'정부군','start_idx':28,'end_idx':30,'type':'ORG'}","{'word':'친러시아군','start_idx':10,'end_idx':14,'type':'ORG'}",org:hostile
222,미국 국무부의 보고서와 성명에서는 2014년 4월부터 남부와 동부 우크라이나로 향해 러시아가 계속적으로 불안 상황을 조장하고 있다고 비판했다.,"{'word':'러시아','start_idx':47,'end_idx':49,'type':'ORG'}","{'word':'우크라이나','start_idx':37,'end_idx':41,'type':'ORG'}",org:hostile
223,"우크라이나군에서는 6월 20일에 얌필과 시베르스크를 장악했으며, 페트로 포로셴코 대통령의 15시간 평화 계획을 바탕으로 우크라이나군이 일방적으로 20시간 휴전을 선포하였다.","{'word':'페트로 포로셴코','start_idx':36,'end_idx':43,'type':'PER'}","{'word':'대통령','start_idx':45,'end_idx':47,'type':'POH'}",per:title
224,"우크라이나 정부과 친러시아 군과의 분쟁에 격화되면서 정교회군의 병력은 350명으로, 이후 4,000명 이상으로 상승했다.","{'word':'우크라이나 정부','start_idx':0,'end_idx':7,'type':'ORG'}","{'word':'친러시아 군','start_idx':10,'end_idx':15,'type':'ORG'}",org:hostile
225,"도네츠크 인민 공화국의 대변인에 따르면, 슬로비얀스크를 점령한 무장 부대는 ""도네츠크 시위를 지원하는 독립적안 단체이며 ...""라고 말했지만, 슬로비얀스크와 크라마토르스크의 저항세력은 파벨 구바레프의 도네츠크 인민 공화국 산하의 군대라고 말했다.","{'word':'무장 부대','start_idx':35,'end_idx':39,'type':'ORG'}","{'word':'슬로비얀스크','start_idx':23,'end_idx':28,'type':'ORG'}",org:hostile
226,"이들은 루간스크 인민 공화국의 소속이지만, 9월 16일에 돈바스 인민군과 합체하여 노보로시야 연방 육군이 되었다.","{'word':'루간스크 인민 공화국','start_idx':4,'end_idx':14,'type':'ORG'}","{'word':'돈바스 인민군','start_idx':32,'end_idx':38,'type':'ORG'}",org:friendly
227,"러시아 외무부는 이탈리아 뉴스 일 지오말레에서 우크라이나로 향하는 스웨덴, 핀란드, 발트 국가, 프랑스 등의 용병에 관해서 철저히 조사하고 보고해야 한다고 말했다.","{'word':'프랑스','start_idx':54,'end_idx':56,'type':'ORG'}","{'word':'용병','start_idx':61,'end_idx':62,'type':'POH'}",no_relation
228,"우크라이나 내무부는 외국인이 이 아조프 대대에 있다는 것을 부인했지만, 스스로를 ""미하일 스키르트""라 부르는 사람은 BBC 기자와의 전화 연결에서 자신은 스웨덴인으로 저격수로 활동하고 있다고 말했다.","{'word':'미하일 스키르트','start_idx':46,'end_idx':53,'type':'PER'}","{'word':'저격수','start_idx':93,'end_idx':95,'type':'POH'}",per:title
229,"초기에는 우크라이나 정부에서 러시아군의 개입을 부인했지만, 나중에 우크라이나 국가안보 및 국방위원회(NSDC)에서는 노보아조우스크는 러시아군의 침공으로 함락당했다고 말했다.","{'word':'러시아군','start_idx':74,'end_idx':77,'type':'ORG'}","{'word':'노보아조우스크','start_idx':65,'end_idx':71,'type':'ORG'}",org:hostile
230,2014년 8월 레바다 센터의 조사에서는 러시아 시민의 약 13%만이 러시아가 우크라이나의 전쟁에 개입하고 있다고 생각한다는 설문조사가 나왔다.,"{'word':'러시아','start_idx':23,'end_idx':25,'type':'ORG'}","{'word':'우크라이나','start_idx':44,'end_idx':48,'type':'ORG'}",no_relation
231,"반군은 전차 3대를 얻었다고는 말했지만, 반군 지휘관들은 이 전차를 어떻게 노획했는지는 말하지 않았다.","{'word':'반군','start_idx':0,'end_idx':1,'type':'ORG'}","{'word':'반군 지휘관들','start_idx':23,'end_idx':29,'type':'PER'}",org:top_members/employees
232,NSDC에서는 우크라이나군이 안전을 위해 노보아조우스크에서 후퇴하여 마리우폴의 방어를 준비하고 있다고 말했다.,"{'word':'우크라이나군','start_idx':8,'end_idx':13,'type':'ORG'}","{'word':'노보아조우스크','start_idx':23,'end_idx':29,'type':'ORG'}",no_relation
233,"우크라이나 국가안보보호위원회에 따르면, 6월 5일부터 러시아와의 국경 지점에서 적어도 153회의 러시아 국경에서의 공격을 받았다고 말했다.","{'word':'우크라이나','start_idx':0,'end_idx':4,'type':'ORG'}","{'word':'러시아','start_idx':54,'end_idx':56,'type':'ORG'}",org:hostile
234,"끊겨버린 다양한 보급선에서 전투가 이뤄진 후, 루한스크 도시는 전력 공급이 끊겼다.","{'word':'루한스크','start_idx':26,'end_idx':29,'type':'ORG'}","{'word':'전력','start_idx':35,'end_idx':36,'type':'POH'}",no_relation
235,"러시아에서는 우크라이나 정부가 포격을 했다고 비판했으며, 우크라이나에서는 이 포격을 하지 않았다고 주장하고 돈바스 지역의 친러시아군이 위장술책을 했다고 비판했다.","{'word':'러시아','start_idx':0,'end_idx':2,'type':'ORG'}","{'word':'친러시아군','start_idx':68,'end_idx':72,'type':'ORG'}",org:friendly
236,9월 16일에는 돈바스 인민군과 루간스크 인민 공화국 소속 군이 합병하면서 노보로시야 연방 육군이 창설되었다.,"{'word':'돈바스 인민군','start_idx':9,'end_idx':15,'type':'ORG'}","{'word':'루간스크 인민 공화국 소속 군','start_idx':18,'end_idx':33,'type':'ORG'}",org:friendly
237,"그 후, 우크라이나 정부군은 드루주키우카, 콘스티안니브카, 아르테미우스크를 탈환했다.","{'word':'정부군','start_idx':11,'end_idx':13,'type':'ORG'}","{'word':'우크라이나','start_idx':5,'end_idx':9,'type':'ORG'}",org:member_of
238,"미국 국무부 대변인 젠 프사키는 ""이 침공은 러시아가 지휘하는 공세가 진행 중임을 나타내는 것이다.""라고 말했으며, 우크라이나 대통령 페트로 포로셴코는 ""러시아군이 침공했다.""라고 비판했다.","{'word':'페트로 포로셴코','start_idx':75,'end_idx':82,'type':'PER'}","{'word':'대통령','start_idx':71,'end_idx':73,'type':'POH'}",per:title
239,우크라이나 정부는 루한스크 주변을 계속 포위하면서 루한스크 국제공항을 점령했다.,"{'word':'우크라이나 정부','start_idx':0,'end_idx':7,'type':'ORG'}","{'word':'국제공항','start_idx':33,'end_idx':36,'type':'POH'}",no_relation
240,"또한, 도네츠크 시의 키예프스키와 키로프스키, 페트리브스키 구에 포격이 일어났다.","{'word':'키로프스키','start_idx':19,'end_idx':23,'type':'ORG'}","{'word':'도네츠크 시','start_idx':4,'end_idx':9,'type':'ORG'}",org:member_of
241,"그날, 러시아의 공식 문양 판이 붙어진 장갑차 2대와 기타 차량 호송대가 이즈바르네 근처의 우크라이나 국경을 넘어갔다.","{'word':'러시아','start_idx':4,'end_idx':6,'type':'ORG'}","{'word':'장갑차','start_idx':22,'end_idx':24,'type':'POH'}",org:property
242,"슬로비얀스크의 무장 세력은 지휘관과 병사 뿐 아니라 퇴역한 지역 군인, 민간인 자원군, 도네츠크에서 올라온 퇴역한 베르쿠트 경찰 등 다양한 소속으로 이루어져 있다. ""선데이 텔레그레프""에서 자신의 무기를 가져온 한 사람들에게 러시아 국기가 나부끼는 경찰서에서 인터뷰했을 때, 소련-아프가니스탄 전쟁의 베테랑이었던 한 사람은 ""저 국기를 봐라.","{'word':'민간인 자원군','start_idx':40,'end_idx':46,'type':'ORG'}","{'word':'무장 세력','start_idx':8,'end_idx':12,'type':'ORG'}",org:member_of
243,루한스크 주의 페르보마이스크 도시에 대한 정부군의 공세는 계속되었다.,"{'word':'페르보마이스크 도시','start_idx':8,'end_idx':17,'type':'ORG'}","{'word':'루한스크 주','start_idx':0,'end_idx':5,'type':'ORG'}",org:member_of
244,"또한, 유엔은 언론인 및 국제기구 소속 관찰자에 대한 위협, 공격, 납치 사건 뿐 아니라 우크라이나 지지자에 대한 구타와 폭행이 일상화되어 있다고 말했다.","{'word':'유엔','start_idx':4,'end_idx':5,'type':'PER'}","{'word':'지지자','start_idx':56,'end_idx':58,'type':'PER'}",no_relation
245,"다음날, 정부군이 리시찬스크를 재점령했다.","{'word':'정부군','start_idx':5,'end_idx':7,'type':'ORG'}","{'word':'리시찬스크','start_idx':10,'end_idx':14,'type':'LOC'}",no_relation
246,친러시아군은 미콜라이비카에서 친러시아 병사 2명이 사망했다고 말했다.,"{'word':'친러시아군','start_idx':0,'end_idx':4,'type':'ORG'}","{'word':'미콜라이비카','start_idx':7,'end_idx':12,'type':'LOC'}",no_relation
247,"호다콥스키는 휘하에 약 1,000명 정도가 있고 러시아 보안부에서 경험이 많은 ""자원대""가 대대에 합류하고 있는 것으로 생각된다.","{'word':'보안부','start_idx':31,'end_idx':33,'type':'ORG'}","{'word':'러시아','start_idx':27,'end_idx':29,'type':'ORG'}",org:member_of
248,이 공세를 시작하면서 루한스크의 반군은 증원군을 받았다.,"{'word':'반군','start_idx':18,'end_idx':19,'type':'ORG'}","{'word':'증원군','start_idx':22,'end_idx':24,'type':'ORG'}",org:property
249,"NATO 사무총장인 아네르스 포그 라스무센은 우크라이나가 ""러시아의 침입""을 받았다","{'word':'아네르스 포그 라스무센','start_idx':11,'end_idx':22,'type':'PER'}","{'word':'사무총장','start_idx':5,'end_idx':8,'type':'POH'}",per:title
250,친러시아군은 도로 위의 철도 교량을 파괴하여 도로를 막았다.,"{'word':'친러시아군','start_idx':0,'end_idx':4,'type':'ORG'}","{'word':'도로','start_idx':25,'end_idx':26,'type':'POH'}",no_relation
251,친러시아군은 공항에 박격포를 발사하며 점령하려 시도했지만 곧 격퇴되었다.,"{'word':'친러시아군','start_idx':0,'end_idx':4,'type':'ORG'}","{'word':'박격포','start_idx':11,'end_idx':13,'type':'POH'}",no_relation
252,"같은 날, 도네츠크 인민 공화국의 총리인 알렉산드르 보로다이는 휴전 협상을 진행하고 싶다고 말했다.","{'word':'알렉산드르 보로다이','start_idx':23,'end_idx':32,'type':'PER'}","{'word':'총리','start_idx':19,'end_idx':20,'type':'POH'}",per:title
253,"우크라이나군은 이 차량들이 ""흰색 원 또는 삼각형"" 인장을 지니고 있고 이는 그 주 초 포로로 잡힌 러시아 낙하산병의 흰색 인장과 비슷했다.","{'word':'우크라이나군','start_idx':0,'end_idx':5,'type':'ORG'}","{'word':'인장','start_idx':69,'end_idx':70,'type':'POH'}",no_relation
254,반정부군의 매복 공격으로 정부군 10명이 사망했다.,"{'word':'반정부군','start_idx':0,'end_idx':3,'type':'ORG'}","{'word':'정부군','start_idx':14,'end_idx':16,'type':'ORG'}",org:hostile
255,8월 5일에는 정부군이 도네츠크에 대한 공세를 시작하여 17시에는 페트리브스키 구에서 격렬한 전투가 일어났다.,"{'word':'정부군','start_idx':8,'end_idx':10,'type':'ORG'}","{'word':'도네츠크','start_idx':13,'end_idx':16,'type':'ORG'}",org:hostile
256,"정부 군사 작전 발표센터에서는 현재 상황이 ""도네츠크 도시, 루한스크 도시, 크라스노돈, 포파스나""에서 복잡한 상태로 전개되고 있다고 말했다.","{'word':'정부 군사 작전 발표센터','start_idx':0,'end_idx':12,'type':'ORG'}","{'word':'도시','start_idx':30,'end_idx':31,'type':'POH'}",no_relation
257,"이들 중 눈에 띄는 병사로는 벨로레첸스크에서 태어난 러시아인 베테랑 군인인 알렉산더 ""부게멘"" 모자예프와 지휘관 예브게니 포노마레프가 있다.","{'word':'예브게니 포노마레프','start_idx':63,'end_idx':72,'type':'PER'}","{'word':'지휘관','start_idx':59,'end_idx':61,'type':'POH'}",per:title
258,우크라이나 국방부의 명령을 받는 대대는 같은 방식으로 이전에 친러시아가 장악했던 마을을 점령하고 있다.,"{'word':'대대','start_idx':18,'end_idx':19,'type':'ORG'}","{'word':'우크라이나 국방부','start_idx':0,'end_idx':8,'type':'ORG'}",org:member_of
259,체첸 준군사조직은 2014년 5월 5일 슬로비얀스크에서 발견되었다.,"{'word':'체첸 준군사조직','start_idx':0,'end_idx':7,'type':'ORG'}","{'word':'슬로비얀스크','start_idx':22,'end_idx':27,'type':'ORG'}",no_relation
260,"이는 그 동안 러시아 연방 정부가 그동안 우크라이나 사태에 대한 러시아군의 개입 주장을 강하게 부인해온 것과는 상반되는 사실이라, 논란이 예상된다.","{'word':'러시아 연방 정부','start_idx':8,'end_idx':16,'type':'ORG'}","{'word':'러시아군','start_idx':36,'end_idx':39,'type':'ORG'}",org:property
261,"한편, 도네츠크 서부 교외 지역의 마린카에서 친러시아군 지역에 로켓이 떨어져 4명이 사망했다.","{'word':'마린카','start_idx':19,'end_idx':21,'type':'ORG'}","{'word':'도네츠크 서부','start_idx':4,'end_idx':10,'type':'ORG'}",org:member_of
262,반정부군의 거점인 호를리우카에 대한 정부군의 공세 3일차인 7월 27일에 민간인 23명에서 30명이 사망했다.,"{'word':'정부군','start_idx':20,'end_idx':22,'type':'ORG'}","{'word':'반정부군','start_idx':0,'end_idx':3,'type':'ORG'}",org:hostile
263,"또한, 그들은 샤크다르스크에서 일주일 이상 전투한 후 도네츠크 인민 공화국과 루간스크 인민 공화국을 잇는 보급선이 완전히 끊겼다고 발표했다.","{'word':'도네츠크 인민 공화국','start_idx':30,'end_idx':40,'type':'ORG'}","{'word':'루간스크 인민 공화국','start_idx':43,'end_idx':53,'type':'ORG'}",no_relation
264,"8월 27일, 반정부군이 노보아조우스크로 공세를 시작했다.","{'word':'반정부군','start_idx':8,'end_idx':11,'type':'ORG'}","{'word':'노보아조우스크','start_idx':14,'end_idx':20,'type':'ORG'}",no_relation
265,"내무부 대변인인 조르얀 샤흐리크는 전투 재개 첫날에만 친러시아군 1,000명이 사망했다고 말했다.","{'word':'조르얀 샤흐리크','start_idx':9,'end_idx':16,'type':'PER'}","{'word':'대변인','start_idx':4,'end_idx':6,'type':'POH'}",per:title
266,반정부군의 포격으로 적어도 민간인 4명 이상이 부장을 입었다.,"{'word':'반정부군','start_idx':0,'end_idx':3,'type':'ORG'}","{'word':'민간인','start_idx':15,'end_idx':17,'type':'ORG'}",no_relation
267,일로바이스크에서 탈출한 부대원 일부는 도네츠크 인민공화국 측 병사들이 백기를 들고 항복한 병사들에게 사격하여 수 명을 죽였다고 증언했다.,"{'word':'도네츠크 인민공화국','start_idx':21,'end_idx':30,'type':'ORG'}","{'word':'병사들','start_idx':34,'end_idx':36,'type':'PER'}",org:top_members/employees
268,"프랑스, 독일, 미국, 이탈리아, 폴란드, 루마니아, 세르비아, 스페인, 터키 및 기타 다양한 국적의 자원군이 친러시아군 측에서 활동하고 있는 것으로 알려져 있다.","{'word':'자원군','start_idx':57,'end_idx':59,'type':'ORG'}","{'word':'친러시아군','start_idx':62,'end_idx':66,'type':'ORG'}",org:friendly
269,도네츠크 주의 일로바이스크와 아므브로시브카에 위치한 정부군은 일로바이스크의 공격이 대포격을 받고 공세가 돈좌된 이후 반군에게 포위당했다.,"{'word':'정부군','start_idx':29,'end_idx':31,'type':'ORG'}","{'word':'반군','start_idx':65,'end_idx':66,'type':'ORG'}",org:hostile
270,반군이 점령한 호를리우카는 8월 18일 우크라이나 정부군에게 포위당했다.,"{'word':'우크라이나 정부군','start_idx':22,'end_idx':30,'type':'ORG'}","{'word':'반군','start_idx':0,'end_idx':1,'type':'ORG'}",no_relation
271,친러시아군은 나중에 마린브카에서 우크라이나군을 물리치고 마을을 점령했다고 말했다.,"{'word':'우크라이나군','start_idx':18,'end_idx':23,'type':'ORG'}","{'word':'친러시아군','start_idx':0,'end_idx':4,'type':'ORG'}",org:hostile
272,이 정교회군의 병사는 스스로 도네츠크 인민 공화국의 국방 장관이라고 선언한 이고리 스트렐코프에게 충성을 맹세한다.,"{'word':'이고리 스트렐코프','start_idx':42,'end_idx':50,'type':'PER'}","{'word':'장관','start_idx':32,'end_idx':33,'type':'POH'}",per:title
273,"외무부 장관은 ""우크라이나 영토로 모여들고 있는 러시아 테러리스트 조직이 형성되고 있고, 크렘린과 러시아 특수부대가 직접적으로 제어하고 있으며 자금을 조달하고 있다고 단언할 수 있다.""라고 말했다.","{'word':'우크라이나','start_idx':9,'end_idx':13,'type':'ORG'}","{'word':'러시아 테러리스트 조직','start_idx':27,'end_idx':38,'type':'ORG'}",org:hostile
274,"6월 19일 저녁, 정부군이 장악한 크라스니리만 근처의 얌필 마을에서 전차와 장갑차를 동반한 전투가 일어났다.","{'word':'크라스니리만','start_idx':20,'end_idx':25,'type':'ORG'}","{'word':'정부군','start_idx':11,'end_idx':13,'type':'ORG'}",org:hostile
275,"그는 러시아의 대통령 블라디미르 푸틴에게 ""블라디미르 푸틴이 개인적으로 신러시아라고 부르는 이 전쟁에서 영토를 잃으면 크렘린의 권력에 위협을 줄 뿐만 아니라, 개인적으로는 대통령의 권력에도 지장을 줄 것이다.""라고 말했다.","{'word':'블라디미르 푸틴','start_idx':12,'end_idx':19,'type':'PER'}","{'word':'대통령','start_idx':8,'end_idx':10,'type':'POH'}",per:title
276,"장기간의 전투 이후, 우크라이나 정부군은 8월 4일 중요 도시 중 하나인 야스누바타를 탈환했다.","{'word':'우크라이나 정부군','start_idx':12,'end_idx':20,'type':'ORG'}","{'word':'야스누바타','start_idx':41,'end_idx':45,'type':'ORG'}",org:property
277,9월 4일에는 OSCE 감시단이 시로키네와 베지메네 근처에서 격렬한 전투가 이어진 걸 보았다고 말했다.,"{'word':'OSCE 감시단','start_idx':8,'end_idx':15,'type':'ORG'}","{'word':'전투','start_idx':38,'end_idx':39,'type':'POH'}",no_relation
278,바실리브카와 조브트네베에서는 소규모 접전이 일어났다.,"{'word':'바실리브카','start_idx':0,'end_idx':4,'type':'ORG'}","{'word':'조브트네베','start_idx':7,'end_idx':11,'type':'ORG'}",no_relation
279,"루한스크 남동군(, Armiya Yugo-Vostoka)은 루한스크 주에서 각종 건물을 장악하고 있는 친러시아 무장 단체이다.","{'word':'루한스크 남동군','start_idx':0,'end_idx':7,'type':'ORG'}","{'word':'친러시아 무장 단체','start_idx':57,'end_idx':66,'type':'ORG'}",org:member_of
280,"보고서에 따르면, 보스토크 대대가 이고리 스트렐코프의 명령을 받는 것을 거부했다는 말이 있다.","{'word':'이고리 스트렐코프','start_idx':19,'end_idx':27,'type':'PER'}","{'word':'명령','start_idx':30,'end_idx':31,'type':'POH'}",no_relation
281,당시 조 바이든이 미국 부통령이었다.,"{'word':'조 바이든','start_idx':3,'end_idx':7,'type':'PER'}","{'word':'부통령','start_idx':13,'end_idx':15,'type':'POH'}",per:title
282,우크라이나 국가방위군은 2014년 크림 위기로 인해 우크라이나 내에서 긴장이 한창 상승하던 2014년 3월 13일 재설립했다.,"{'word':'크림 위기','start_idx':19,'end_idx':23,'type':'EVE'}","{'word':'2014년','start_idx':13,'end_idx':17,'type':'DAT'}",eve:date
283,샤크타르스크 구에서 말레이시아 항공 17편의 추락 조사를 하기 위해 파견된 네덜란드 및 호주 경찰 연합이 치열한 전투를 펼쳤다.,"{'word':'네덜란드','start_idx':42,'end_idx':45,'type':'ORG'}","{'word':'호주','start_idx':49,'end_idx':50,'type':'ORG'}",org:friendly
284,"2021년 2월 26일, 조 바이든 미국 대통령이 러시아의 우크라이나 크림반도 병합을 절대 인정하지 않는다는 입장을 재확인했다.","{'word':'조 바이든','start_idx':14,'end_idx':18,'type':'PER'}","{'word':'대통령','start_idx':23,'end_idx':25,'type':'POH'}",per:title
285,"넴초프는 220명 정도의 러시아 군인이 돈바스 전쟁에서 사망하였으나, 일로바이스크 전투에서 사망한 병사들을 제외한 다른 지역에서 숨진 병사들의 유족은 아무런 보상을 받지 못했다는 사실을 폭로했다.","{'word':'돈바스 전쟁','start_idx':22,'end_idx':27,'type':'EVE'}","{'word':'군인','start_idx':18,'end_idx':19,'type':'PER'}",no_relation
286,"41명의 우크라이나 군인이 진지를 버리고 반군이 장악한 이즈바리네로 가서 ""자신과 같은 사람과"" 싸우기 싫다는 이유를 대고 투항했다.","{'word':'우크라이나','start_idx':5,'end_idx':9,'type':'ORG'}","{'word':'군인','start_idx':11,'end_idx':12,'type':'PER'}",org:top_members/employees
287,일로바이스크에 갇혀 있던 돈바스 대대는 8월 30일 친러군과 협상 끝에 후퇴하여 빠져나갔다.,"{'word':'돈바스 대대','start_idx':14,'end_idx':19,'type':'ORG'}","{'word':'친러군','start_idx':29,'end_idx':31,'type':'ORG'}",no_relation
288,이후 정부군은 그 곳에 주둔하던 반군 동맹인 카자크 부대를 쫓아낸 후 중요 도시 중 하나인 크라스니루흐를 점령했다.,"{'word':'반군','start_idx':18,'end_idx':19,'type':'ORG'}","{'word':'카자크 부대','start_idx':25,'end_idx':30,'type':'ORG'}",org:friendly
289,"4월 20일, 드미트로 쿨레바 우크라이나 외무장관은 온라인 기자회견에서 ""러시아군은 계속해서 북동쪽, 동쪽, 남쪽의 우리 국경과 근접해 도착하고 있다""며 ""약 1주일 내 총 12만명 이상의 병력에 도착할 것으로 예상된다""고 말했다.","{'word':'드미트로 쿨레바','start_idx':8,'end_idx':15,'type':'PER'}","{'word':'외무장관','start_idx':23,'end_idx':26,'type':'POH'}",per:title
290,"병사 중 일부는 단지 자원해서 들어간 사람도 있지만, 절대다수는 주당 100$의 봉급을 받고 있다고 말했다.","{'word':'병사','start_idx':0,'end_idx':1,'type':'PER'}","{'word':'사람','start_idx':21,'end_idx':22,'type':'POH'}",no_relation
291,"비록 카자크 부대가 한꺼번에 러시아에서 우크라이나 국경을 넘는 것은 금지되었지만, 러시아가 동조적으로 개별 병사들에게 우크라이나 국경을 넘는 것은 지원해주고 있다.","{'word':'러시아','start_idx':46,'end_idx':48,'type':'ORG'}","{'word':'우크라이나','start_idx':66,'end_idx':70,'type':'ORG'}",no_relation
292,"7주일간의 휴전이 우크라이나의 대통령 페트로 포로셴코가 일방적으로 종료 선언을 한 이후, 7월 1일부터 정부군은 탈환 작전을 다시 시작했다.","{'word':'페트로 포로셴코','start_idx':21,'end_idx':28,'type':'PER'}","{'word':'대통령','start_idx':17,'end_idx':19,'type':'POH'}",per:title
293,"계속 전투가 이어지는 동안, 자키트네 마을에서 무장단체가 다리를 폭파시켰다.","{'word':'무장단체','start_idx':26,'end_idx':29,'type':'ORG'}","{'word':'다리','start_idx':32,'end_idx':33,'type':'POH'}",no_relation
294,로이터지는 8월 23일~24일 주말에 스타로베세베 현 콜로스키 근처의 마을에서 러시아 악센트를 쓰고 식별 가능한 인장이 전혀 없는 군인이 나타났다고 전했다.,"{'word':'군인','start_idx':73,'end_idx':74,'type':'PER'}","{'word':'마을','start_idx':39,'end_idx':40,'type':'POH'}",no_relation
295,"한편, 우크라이나 내무부 장관인 아르센 아바코프와 도네츠크 인민 공화국 대통령인 데니스 푸실린과의 조약으로 휴전을 선포하고 슬로비얀스크에서 민간인이 탈출할 수 있도록 해 주기로 했으나, 양측은 서로를 비난하면서 공격을 다시 시작했다.","{'word':'아르센 아바코프','start_idx':18,'end_idx':25,'type':'PER'}","{'word':'장관','start_idx':14,'end_idx':15,'type':'POH'}",per:title
296,"우크라이나 국가방위군의 보고서에 따르면, 러시아 국경 근처의 마린브카 마을의 바리케이드에서 전차, 박격포 포격, 대전차 미사일로 무장한 친러시아군의 공격을 받았다고 말했다.","{'word':'친러시아군','start_idx':76,'end_idx':80,'type':'ORG'}","{'word':'대전차 미사일','start_idx':63,'end_idx':69,'type':'POH'}",org:property
297,이 포격 기간 동안 도네츠크 인민 공화국의 최고 사령관이었던 이고르 기르킨은 스스로 사임했다.,"{'word':'이고르 기르킨','start_idx':34,'end_idx':40,'type':'PER'}","{'word':'최고 사령관','start_idx':24,'end_idx':29,'type':'POH'}",per:title
298,전 우크라이나 국방부의 관계자인 콘스탄틴 마쇼페트는 이 전차는 크림 반도에서 우크라이나 본토로 가기 전에 러시아군이 노획한 것일 가능성이 있다고 말했다.,"{'word':'우크라이나 국방부','start_idx':2,'end_idx':10,'type':'ORG'}","{'word':'러시아군','start_idx':59,'end_idx':62,'type':'ORG'}",org:hostile
299,"도네츠크는 계속된 폭발로 요동쳤고, 곳곳의 포격으로 연기가 나고 있었다.","{'word':'도네츠크','start_idx':0,'end_idx':3,'type':'ORG'}","{'word':'포격','start_idx':24,'end_idx':25,'type':'POH'}",no_relation
300,"이 병사의 말에 따르면, 일부 카자크 부대를 포함한 러시아의 여러 민병대가 친러시아군을 지지하고 있다고 말했다.","{'word':'카자크 부대','start_idx':17,'end_idx':22,'type':'ORG'}","{'word':'친러시아군','start_idx':42,'end_idx':46,'type':'ORG'}",org:hostile
301,러시아 국방부는 이러한 호송대가 있었음을 부인했다.,"{'word':'러시아 국방부','start_idx':0,'end_idx':6,'type':'ORG'}","{'word':'호송대','start_idx':13,'end_idx':15,'type':'ORG'}",no_relation
302,"아르센 아바코프의 고문인 안톤 헤라셴코는 키예프의 브리핑에서 이 전차는 이전에 크림 반도의 우크라이나 정부군이 소유한 것이나, 우크라이나 본토로 넘어가기 전에 러시아군이 습격하여 노획한 것이라고 말했다.","{'word':'안톤 헤라셴코','start_idx':14,'end_idx':20,'type':'PER'}","{'word':'고문','start_idx':10,'end_idx':11,'type':'POH'}",per:title
303,이는 8월 25일 우크라이나 보안원이 러시아 낙하산병 부대 일부를 항복시키고 포로로 만들었을 때 절정에 달했다.,"{'word':'우크라이나','start_idx':10,'end_idx':14,'type':'ORG'}","{'word':'러시아','start_idx':21,'end_idx':23,'type':'ORG'}",org:hostile
304,"같은 날 지역 가스 공급 업체의 발표에 따르면, 루한스크 주의 약 10,000 가구 이상이 가스관 손상으로 가스를 받지 못한다고 말했다.","{'word':'가스 공급 업체','start_idx':8,'end_idx':15,'type':'ORG'}","{'word':'가스','start_idx':60,'end_idx':61,'type':'POH'}",no_relation
305,자유유럽방송의 보고서에는 이 대대가 GRU가 직접 편성한 것이거나 GRU가 허가한 부대라는 의혹이 있다고 말했다.,"{'word':'대대','start_idx':16,'end_idx':17,'type':'ORG'}","{'word':'GRU','start_idx':20,'end_idx':22,'type':'ORG'}",org:member_of
306,보스토크 대대의 절대다수는 1차 도네츠크 국제공항 전투에서 사망했다.,"{'word':'보스토크 대대','start_idx':0,'end_idx':6,'type':'ORG'}","{'word':'도네츠크','start_idx':18,'end_idx':21,'type':'ORG'}",no_relation
307,반군은 이들이 우크라이나를 탈출해 러시아로 가도록 허락했다.,"{'word':'우크라이나','start_idx':8,'end_idx':12,'type':'ORG'}","{'word':'러시아','start_idx':19,'end_idx':21,'type':'ORG'}",no_relation
308,"8월 17일, 우크라이나 공군 소속 MiG-29가 루한스크주에서 반군에게 격추당했다.","{'word':'MiG-29','start_idx':20,'end_idx':25,'type':'ORG'}","{'word':'우크라이나 공군','start_idx':8,'end_idx':15,'type':'ORG'}",org:member_of
309,도네츠크의 친러시아군 지휘관인 파벨 파라모노프는 기자회견에서 러시아의 툴라주 출신이라고 말했다.,"{'word':'파벨 파라모노프','start_idx':17,'end_idx':24,'type':'PER'}","{'word':'지휘관','start_idx':12,'end_idx':14,'type':'POH'}",per:title
310,우크라이나 내에서 적어도 세르비아 계열의 친러시아군 병사가 200명 있는 것으로 추측하고 있다.,"{'word':'우크라이나','start_idx':0,'end_idx':4,'type':'ORG'}","{'word':'친러시아군 병사','start_idx':23,'end_idx':30,'type':'PER'}",org:property
311,"2014년 9월 5일, 우크라이나, 러시아, DPR, LPR 정상과 유럽 안보 협력 기구(OSCE)가 민스크에서 모여 정전 협정을 체결했다.","{'word':'정전 협정','start_idx':66,'end_idx':70,'type':'EVE'}","{'word':'2014년 9월 5일','start_idx':0,'end_idx':10,'type':'DAT'}",eve:date
312,보스토크는 원래 제2차 체첸 전쟁과 2008년 남오세티야 전쟁에 참전했던 러시아 총정보국(GRU) 특수부대인 보스토크 자파드 특수 대대 출신이다.,"{'word':'보스토크 자파드 특수 대대','start_idx':61,'end_idx':74,'type':'ORG'}","{'word':'보스토크','start_idx':0,'end_idx':3,'type':'PER'}",org:top_members/employees
313,이러한 공격에 국경수비대 27명이 사망하고 185명이 부상을 입었다.,"{'word':'국경수비대','start_idx':8,'end_idx':12,'type':'ORG'}","{'word':'부상','start_idx':30,'end_idx':31,'type':'POH'}",no_relation
314,"우크라이나 국방부에 따르면, 러시아 정교회군은 정교회군의 약탈을 비판하는 보스토크 대대 등의 다른 친러시아 무장 단체와 충돌을 빚고 있으며 전투를 기피하고 있다고 말했다.","{'word':'러시아 정교회군','start_idx':16,'end_idx':23,'type':'ORG'}","{'word':'보스토크 대대','start_idx':41,'end_idx':47,'type':'ORG'}",org:hostile
315,"친러시아군이 후퇴한 가운데 도네츠크 시장 올렉산드르 루칸셴코는 4월 이후 적어도 30,000명이 도시를 떠났다고 말했다.","{'word':'올렉산드르 루칸셴코','start_idx':23,'end_idx':32,'type':'PER'}","{'word':'시장','start_idx':20,'end_idx':21,'type':'POH'}",per:title
316,전투 후 약 30명이 러시아로 송환되었다.,"{'word':'러시아','start_idx':12,'end_idx':14,'type':'ORG'}","{'word':'전투','start_idx':0,'end_idx':1,'type':'POH'}",no_relation
317,"그 후, 반정부군은 카를리비카, 네탈리노베, 페르보마이스케, 그외 도네츠크 국제공항 주변 도시를 포기하고 외곽에서 철수했다.","{'word':'반정부군','start_idx':5,'end_idx':8,'type':'ORG'}","{'word':'국제공항','start_idx':42,'end_idx':45,'type':'POH'}",no_relation
318,NATO 사령관 준장 니코 탁은 8월 28일 쌩쌩한 러시아 병사 천여명이 돈바스 분쟁 지역으로 진군하고 있다고 말했다.,"{'word':'준장 니코 탁','start_idx':9,'end_idx':15,'type':'PER'}","{'word':'사령관','start_idx':5,'end_idx':7,'type':'POH'}",per:title
319,"뉴욕 타임스에서는 현재 분쟁 지역의 상황은 매우 혼란스럽고, 반정부군이 사부르모흘라를 다시 재점령했다고 말했다.","{'word':'반정부군','start_idx':34,'end_idx':37,'type':'ORG'}","{'word':'사부르모흘라','start_idx':40,'end_idx':45,'type':'ORG'}",org:hostile
320,"양측에게 서로 수감된 모든 포로는 교환되어 상대국으로 보내질 것이며, 전투 구역 내에서는 모든 중무기를 철수시켜야 했다.","{'word':'상대국','start_idx':24,'end_idx':26,'type':'ORG'}","{'word':'포로','start_idx':15,'end_idx':16,'type':'POH'}",no_relation
321,노보아조우스크에서 7km 떨어진 마르키네 마을에서 격렬한 전투가 펼쳐졌다.,"{'word':'노보아조우스크','start_idx':0,'end_idx':6,'type':'ORG'}","{'word':'마을','start_idx':23,'end_idx':24,'type':'POH'}",no_relation
322,"도네츠크 인민 공화국의 총리인 알렉산드르 보로다이에 의하면, 최고 지휘관인 이고리 스트렐코프가 ""압도적이고 강한 적들 때문에"" 중대한 결정을 내렸다고 말했다.","{'word':'알렉산드르 보로다이','start_idx':17,'end_idx':26,'type':'PER'}","{'word':'총리','start_idx':13,'end_idx':14,'type':'POH'}",per:title
323,"이 공격으로 민간인 수십명이 사망했으며, 우크라이나 국가안보 및 국방위원회는 이 공격을 반군이 했다고 비난했다.","{'word':'우크라이나 국가안보 및 국방위원회','start_idx':23,'end_idx':40,'type':'ORG'}","{'word':'반군','start_idx':49,'end_idx':50,'type':'ORG'}",org:hostile
324,"돈바스 대대의 지휘관 세멘 세멘첸코는 ""나는 (우크라이나) 국방부에게 도움을 주는 것이 아닌 자원군 대대들이 서로서로 도와준 것에 비판하기 시작하는 것이 더 이익이라고 생각한다""라고 말했다.","{'word':'세멘 세멘첸코','start_idx':12,'end_idx':18,'type':'PER'}","{'word':'지휘관','start_idx':8,'end_idx':10,'type':'POH'}",per:title
325,"크라마토르스크와 슬로비얀스크에서 포격이 들렸으며, 친러시아군이 점령한 3대 국경 대도시 중 하나인 돌쟌스크를 점령했다.","{'word':'친러시아군','start_idx':28,'end_idx':32,'type':'ORG'}","{'word':'돌쟌스크','start_idx':55,'end_idx':58,'type':'ORG'}",org:hostile
326,"우크라이나 정부와 친러시아 사이 ""대화를 할 모임""을 만들 시도가 있었으나, 페트로 포로셴코 대통령의 15개 평화 계획은 실패하고 휴전을 할 가능성은 줄어들었다.","{'word':'페트로 포로셴코','start_idx':43,'end_idx':50,'type':'PER'}","{'word':'대통령','start_idx':52,'end_idx':54,'type':'POH'}",per:title
327,"루한스크 도시 행정부에 따르면, 이 곳에서 포격으로 인해 적어도 민간인 20명 이상이 사망했다고 말했다.","{'word':'루한스크 도시 행정부','start_idx':0,'end_idx':10,'type':'ORG'}","{'word':'포격','start_idx':24,'end_idx':25,'type':'POH'}",no_relation
328,반군 2명은 CNN과의 인터뷰에서 체첸 자원군이 왔다고 말했다.,"{'word':'반군','start_idx':0,'end_idx':1,'type':'ORG'}","{'word':'체첸 자원군','start_idx':19,'end_idx':24,'type':'ORG'}",org:friendly
329,도네츠크 도시에 있는 도네츠크 인민 공화국 중앙 청사도 포격을 받았다.,"{'word':'중앙 청사','start_idx':24,'end_idx':28,'type':'ORG'}","{'word':'도네츠크','start_idx':0,'end_idx':3,'type':'ORG'}",org:member_of
330,우크라이나 육군은 우크라이나 내의 주요 군사세력이며 도네츠크 인민 공화국과 루한스크 인민 공화국에 맞써 싸우는 선도적인 군사 중 하나이다.,"{'word':'우크라이나 육군','start_idx':0,'end_idx':7,'type':'ORG'}","{'word':'우크라이나','start_idx':10,'end_idx':14,'type':'ORG'}",org:member_of
331,"도네츠크 인민 공화국군은 8월 23일 ""아조프 해를 향해 진격""하기 시작했다고 말했다.","{'word':'도네츠크 인민 공화국군','start_idx':0,'end_idx':11,'type':'ORG'}","{'word':'아조프 해','start_idx':22,'end_idx':26,'type':'LOC'}",no_relation
332,8월 19일 도네츠크 주 전역의 전투로 민간인 34명이 사망했다.,"{'word':'민간인','start_idx':22,'end_idx':24,'type':'PER'}","{'word':'8월 19일','start_idx':0,'end_idx':5,'type':'DAT'}",no_relation
333,"한 병사는 기자들에게 ""무기고에서 노획한 것이다""라고만 말했다.","{'word':'기자들','start_idx':6,'end_idx':8,'type':'PER'}","{'word':'무기고','start_idx':13,'end_idx':15,'type':'POH'}",no_relation
334,도네츠크 시의 레닌스키와 키예프스키에서는 포격이 계속되었다.,"{'word':'키예프스키','start_idx':14,'end_idx':18,'type':'ORG'}","{'word':'도네츠크 시','start_idx':0,'end_idx':5,'type':'ORG'}",org:member_of
335,국경수비대 1명이 사망하고 근위대 8명이 부상을 입었다.,"{'word':'국경수비대','start_idx':0,'end_idx':4,'type':'ORG'}","{'word':'근위대','start_idx':15,'end_idx':17,'type':'ORG'}",no_relation
336,이 군은 아조프 해에서 기존에 반정부군이 있던 지역까지 쭉 이어지는 75km 전선을 따라 스타로베세베에서 철수했다.,"{'word':'반정부군','start_idx':17,'end_idx':20,'type':'ORG'}","{'word':'아조프 해','start_idx':5,'end_idx':9,'type':'ORG'}",no_relation
337,마을 사람들은 이들을 2014년 2월 크림 위기 당시 크림 반도에 나타났던 여러 러시아 군인을 나타낸 말이었던 리틀 그린 맨이라고 불렀다.,"{'word':'크림 위기','start_idx':21,'end_idx':25,'type':'EVE'}","{'word':'2014년 2월','start_idx':12,'end_idx':19,'type':'DAT'}",eve:date
338,"7월 8일, 우크라이나 국방장관인 발레리 헬레테이는 ""더 이상 일방적인 휴전은 없으며, 친러시아군이 무기를 내려놓을 때만 대화를 할 것이다""라고 말했다.","{'word':'발레리 헬레테이','start_idx':19,'end_idx':26,'type':'PER'}","{'word':'국방장관','start_idx':13,'end_idx':16,'type':'POH'}",per:title
339,이 외에 도네츠크 국제공항에서도 전투가 이어졌다.,"{'word':'도네츠크','start_idx':5,'end_idx':8,'type':'ORG'}","{'word':'국제공항','start_idx':10,'end_idx':13,'type':'POH'}",org:property
340,"6월 14일, 루한스크에서 우크라이나 공군 소속 일류신 Il-76MD를 루간스크 인민 공화국이 격추시켰다.","{'word':'우크라이나','start_idx':15,'end_idx':19,'type':'ORG'}","{'word':'루간스크 인민 공화국','start_idx':40,'end_idx':50,'type':'ORG'}",org:hostile
341,"도네츠크 인민 공화국의 총리인 알렉산드르 자하르첸코는 우크라이나 정부가 ""국경 근처에서 무기를 버리고 합리적인 제안을 하면 우리는 같은 파트너로서 동등하게 대화할 것이다.""라고 우크라이나 정부가 먼저 조건을 만들어야 한다고 말했다.","{'word':'알렉산드르 자하르첸코','start_idx':17,'end_idx':27,'type':'PER'}","{'word':'총리','start_idx':13,'end_idx':14,'type':'POH'}",per:title
342,"루한스크 국제공항에서는 철수 전날밤까지 치열한 전투가 이어졌으며, 우크라이나 정부는 공항에서 러시아 전차 대열의 공격을 받았다고 말했다.","{'word':'우크라이나','start_idx':37,'end_idx':41,'type':'ORG'}","{'word':'러시아','start_idx':52,'end_idx':54,'type':'ORG'}",org:hostile
343,"이 병사는 ""러시아 제국주의 운동""의 일환으로 자원군이 모여 전투하는 것이라고 말했다.","{'word':'병사','start_idx':2,'end_idx':3,'type':'PER'}","{'word':'자원군','start_idx':26,'end_idx':28,'type':'ORG'}",no_relation
344,"우크라이나 외무부에 따르면, 러시아인 병사의 존재는 러시아가 ""있는 그대로 우크라이나를 침공한 것""이며, ""러시아가 우크라이나로 테러리즘을 수출하고 있다.""라고 주장했다.","{'word':'러시아','start_idx':60,'end_idx':62,'type':'ORG'}","{'word':'우크라이나','start_idx':65,'end_idx':69,'type':'ORG'}",org:hostile
345,이 전투는 도네츠크 북서부의 키브시키 구와 쿠비셰프시키 구에서 전개되었고 중앙 기차역과 공항도 격렬한 전투가 일어났으며 지역 주민들은 방공호로 대피하거나 도시 밖으로 탈출했다.,"{'word':'키브시키 구','start_idx':16,'end_idx':21,'type':'ORG'}","{'word':'도네츠크 북서부','start_idx':6,'end_idx':13,'type':'ORG'}",org:member_of
346,"그럼에도 불구하고, 전차 3대는 이후 러시아의 국기를 계양하며 마키이우카와 토레즈로 이동한 것이 발견되었다.","{'word':'러시아','start_idx':21,'end_idx':23,'type':'ORG'}","{'word':'마키이우카','start_idx':35,'end_idx':39,'type':'LOC'}",no_relation
347,"8월 18일 루한스크로 진입한 이후, 8월 19일에는 정부군이 ""블록에서 블록""으로 루한스크 도시 내로 공세를 펼치기 시작했다.","{'word':'정부군','start_idx':30,'end_idx':32,'type':'ORG'}","{'word':'루한스크','start_idx':47,'end_idx':50,'type':'ORG'}",org:hostile
348,"같은 날, 루한스크 주 행정부는 도시 전역에서 지속적인 전투로 인해 민간인 6명이 사망했다고 말했다.","{'word':'루한스크 주 행정부','start_idx':6,'end_idx':15,'type':'ORG'}","{'word':'전투','start_idx':31,'end_idx':32,'type':'POH'}",no_relation
349,"일부 독립적인 카자크 자원군이 확인되었으며, 특히, 국경 양 쪽에서 살고 있는 돈 카자크가 전쟁에 참여하고 있으며, 일부 자칭 신 카자크 세력과 함께 친러시아군에 가담하고 있다.","{'word':'카자크','start_idx':8,'end_idx':10,'type':'ORG'}","{'word':'자원군','start_idx':12,'end_idx':14,'type':'PER'}",org:top_members/employees
350,일부 친러시아군 사이 파벌경쟁과 망명이 있는 것도 확인되었다.,"{'word':'친러시아군','start_idx':3,'end_idx':7,'type':'ORG'}","{'word':'망명','start_idx':18,'end_idx':19,'type':'POH'}",no_relation
351,"휴먼 라이츠 워치의 보고에 따르면, ""동부 우크라이나의 반정부군은 우크라이나 정부 지지 세력, 또는 반정부군과 맞지 않는 생각을 가진 사람에 대해 납치, 공격을 통해 괴롭히고 있다 ...","{'word':'동부 우크라이나','start_idx':21,'end_idx':28,'type':'ORG'}","{'word':'반정부군','start_idx':31,'end_idx':34,'type':'ORG'}",org:hostile
352,도네츠크에서 계속된 포격으로 민간인 10명이 사망했다.,"{'word':'도네츠크','start_idx':0,'end_idx':3,'type':'ORG'}","{'word':'민간인','start_idx':16,'end_idx':18,'type':'ORG'}",no_relation
353,감시대는 우크라이나군의 호위를 받으며 현장으로 향했다.,"{'word':'감시대','start_idx':0,'end_idx':2,'type':'ORG'}","{'word':'우크라이나군','start_idx':5,'end_idx':10,'type':'ORG'}",no_relation
354,"8월 20일 초저녁, 정부군은 하루종일 도시 내에서 시가전을 벌인 이후 루한스크 도시의 상당부분을 탈환했다고 말했다.","{'word':'정부군','start_idx':12,'end_idx':14,'type':'ORG'}","{'word':'루한스크 도시','start_idx':40,'end_idx':46,'type':'ORG'}",org:property
355,"반정부군은 누구도 그들을 도와주거나 지지하지 말라는 메시지를 보내는 목적으로 구타와 납치를 일상화한다."" 라고 말했다.","{'word':'반정부군','start_idx':0,'end_idx':3,'type':'PER'}","{'word':'메시지','start_idx':29,'end_idx':31,'type':'POH'}",no_relation
356,"북쪽 스타로베세베 근처에서는 우크라이나군이 장갑차, 전차, 그라드 로켓 발사차 100여대 이상이 줄지은 열이 남쪽 노보아조우스크로 진군하고 있다고 말했다.","{'word':'우크라이나군','start_idx':16,'end_idx':21,'type':'ORG'}","{'word':'그라드 로켓 발사차','start_idx':33,'end_idx':42,'type':'POH'}",org:property
357,루한스크 주의 호를리우카 교외 마요르스크와 세베로도네츠크는 7월 22일 정부군이 탈환했다.,"{'word':'세베로도네츠크','start_idx':24,'end_idx':30,'type':'ORG'}","{'word':'루한스크 주','start_idx':0,'end_idx':5,'type':'ORG'}",org:member_of
358,"또한, 벨세라호라, 카미셰베, 루한스크 국제공항의 정부군에 대해서 반정부군이 BM-21 로켓 공격을 시작했다.","{'word':'반정부군','start_idx':37,'end_idx':40,'type':'ORG'}","{'word':'BM-21 로켓','start_idx':43,'end_idx':50,'type':'POH'}",org:property
359,"그러나, 도네츠크 인민 공화국의 총리인 알렉산드르 보로다이는 이 보고서를 부인하고 이를 거짓말이라고 말했다.","{'word':'알렉산드르 보로다이','start_idx':22,'end_idx':31,'type':'PER'}","{'word':'총리','start_idx':18,'end_idx':19,'type':'POH'}",per:title
360,"8월 12일에는 루한스크 주 서부 포파스나 근처에 있는 페르보마이스크, 칼리노베, 코미슈바흐카 도시가 치열한 전투 이후 정부군이 점령했다.","{'word':'정부군','start_idx':67,'end_idx':69,'type':'ORG'}","{'word':'8월 12일','start_idx':0,'end_idx':5,'type':'DAT'}",no_relation
361,"또한, 우크라이나 정부군은 시베리스크를 탈환했으며, 친러시아군도 이를 인정했다.","{'word':'우크라이나 정부군','start_idx':4,'end_idx':12,'type':'ORG'}","{'word':'친러시아군','start_idx':29,'end_idx':33,'type':'ORG'}",no_relation
362,"OSCE 모니터단이 휴전 협정을 지키는지 감독할 것이며, 우크라이나 정부가 이 협정을 이행하도록 도울 것이라고 말했다.","{'word':'모니터단','start_idx':5,'end_idx':8,'type':'ORG'}","{'word':'OSCE','start_idx':0,'end_idx':3,'type':'ORG'}",org:member_of
